old_path,status_code,final_url,redirect_chain
"/",200,"https://www.stairwaymortgage.com/",""
"/0-approval_2/",404,"https://www.stairwaymortgage.com/0-approval_2/",""
"/1031-exchange-delaware-statutory-trust/",404,"https://www.stairwaymortgage.com/1031-exchange-delaware-statutory-trust/",""
"/1031-exchange-for-dummies/",404,"https://www.stairwaymortgage.com/1031-exchange-for-dummies/",""
"/2025/05/11/apply-for-mortgage/",200,"https://www.stairwaymortgage.com/2025/05/11/apply-for-mortgage/",""
"/2025/05/11/mortgage-broker-vs-lender/",200,"https://www.stairwaymortgage.com/2025/05/11/mortgage-broker-vs-lender/",""
"/2025/05/11/mortgage-preapproval/",200,"https://www.stairwaymortgage.com/2025/05/11/mortgage-preapproval/",""
"/2025/05/21/passive-income-investments/",200,"https://www.stairwaymortgage.com/2025/05/21/passive-income-investments/",""
"/2025/07/04/first-time-home-buyer-programs/",200,"https://www.stairwaymortgage.com/2025/07/04/first-time-home-buyer-programs/",""
"/2025/07/04/long-term-rental-vs-short-term-rental/",200,"https://www.stairwaymortgage.com/2025/07/04/long-term-rental-vs-short-term-rental/",""
"/2025/07/05/brrrr-method/",200,"https://www.stairwaymortgage.com/2025/07/05/brrrr-method/",""
"/2025/07/09/vision-board-examples/",200,"https://www.stairwaymortgage.com/2025/07/09/vision-board-examples/",""
"/2025/07/29/buying-your-first-home/",200,"https://www.stairwaymortgage.com/2025/07/29/buying-your-first-home/",""
"/2025/07/29/house-hacking/",200,"https://www.stairwaymortgage.com/2025/07/29/house-hacking/",""
"/2025/10/20/mortgage-estimator-florida/",200,"https://www.stairwaymortgage.com/2025/10/20/mortgage-estimator-florida/",""
"/2025/11/03/appraisal-when-buying-a-house/",200,"https://www.stairwaymortgage.com/2025/11/03/appraisal-when-buying-a-house/",""
"/2025/11/03/authorized-user-credit-card/",200,"https://www.stairwaymortgage.com/2025/11/03/authorized-user-credit-card/",""
"/2025/11/03/best-mortgage-company/",200,"https://www.stairwaymortgage.com/2025/11/03/best-mortgage-company/",""
"/2025/11/03/closing-costs-for-buyers/",200,"https://www.stairwaymortgage.com/2025/11/03/closing-costs-for-buyers/",""
"/2025/11/03/college-savings/",200,"https://www.stairwaymortgage.com/2025/11/03/college-savings/",""
"/2025/11/03/final-walkthrough-before-closing/",200,"https://www.stairwaymortgage.com/2025/11/03/final-walkthrough-before-closing/",""
"/2025/11/03/first-credit-card/",200,"https://www.stairwaymortgage.com/2025/11/03/first-credit-card/",""
"/2025/11/03/first-time-home-buyer-down-payment-assistance/",200,"https://www.stairwaymortgage.com/2025/11/03/first-time-home-buyer-down-payment-assistance/",""
"/2025/11/03/home-inspection-checklist-for-buyers/",200,"https://www.stairwaymortgage.com/2025/11/03/home-inspection-checklist-for-buyers/",""
"/2025/11/03/home-purchase-budget/",200,"https://www.stairwaymortgage.com/2025/11/03/home-purchase-budget/",""
"/2025/11/03/homeowner-maintenance-checklist/",200,"https://www.stairwaymortgage.com/2025/11/03/homeowner-maintenance-checklist/",""
"/2025/11/03/how-to-make-an-offer-on-a-house/",200,"https://www.stairwaymortgage.com/2025/11/03/how-to-make-an-offer-on-a-house/",""
"/2025/11/03/ideal-home/",200,"https://www.stairwaymortgage.com/2025/11/03/ideal-home/",""
"/2025/11/03/mortgage-broker-fees/",200,"https://www.stairwaymortgage.com/2025/11/03/mortgage-broker-fees/",""
"/2025/11/03/new-construction-vs-existing-home/",200,"https://www.stairwaymortgage.com/2025/11/03/new-construction-vs-existing-home/",""
"/2025/11/03/things-you-need-for-a-new-home/",200,"https://www.stairwaymortgage.com/2025/11/03/things-you-need-for-a-new-home/",""
"/2025/11/04/50-30-20-budget-rule/",200,"https://www.stairwaymortgage.com/2025/11/04/50-30-20-budget-rule/",""
"/2025/11/04/fha-loan-qualifications/",200,"https://www.stairwaymortgage.com/2025/11/04/fha-loan-qualifications/",""
"/2025/11/04/first-time-home-buyer-assistance/",200,"https://www.stairwaymortgage.com/2025/11/04/first-time-home-buyer-assistance/",""
"/2025/11/04/first-time-homebuyer-checklist/",200,"https://www.stairwaymortgage.com/2025/11/04/first-time-homebuyer-checklist/",""
"/2025/11/04/gift-money/",200,"https://www.stairwaymortgage.com/2025/11/04/gift-money/",""
"/2025/11/04/how-to-save-for-a-house/",200,"https://www.stairwaymortgage.com/2025/11/04/how-to-save-for-a-house/",""
"/2025/11/04/improve-credit-score-for-mortgage/",200,"https://www.stairwaymortgage.com/2025/11/04/improve-credit-score-for-mortgage/",""
"/2025/11/04/rent-vs-buy-calculator/",200,"https://www.stairwaymortgage.com/2025/11/04/rent-vs-buy-calculator/",""
"/2025/11/04/side-hustles-to-make-money/",200,"https://www.stairwaymortgage.com/2025/11/04/side-hustles-to-make-money/",""
"/2025/11/05/1031-exchange-delaware-statutory-trust/",200,"https://www.stairwaymortgage.com/2025/11/05/1031-exchange-delaware-statutory-trust/",""
"/2025/11/05/55-plus-community/",200,"https://www.stairwaymortgage.com/2025/11/05/55-plus-community/",""
"/2025/11/05/advantages-of-a-living-trust/",200,"https://www.stairwaymortgage.com/2025/11/05/advantages-of-a-living-trust/",""
"/2025/11/05/aging-in-place-modifications/",200,"https://www.stairwaymortgage.com/2025/11/05/aging-in-place-modifications/",""
"/2025/11/05/best-way-to-earn-a-passive-income/",200,"https://www.stairwaymortgage.com/2025/11/05/best-way-to-earn-a-passive-income/",""
"/2025/11/05/bridge-loan-mortgage/",200,"https://www.stairwaymortgage.com/2025/11/05/bridge-loan-mortgage/",""
"/2025/11/05/business-plan-for-investing-in-real-estate/",200,"https://www.stairwaymortgage.com/2025/11/05/business-plan-for-investing-in-real-estate/",""
"/2025/11/05/calculating-cap-rate-real-estate/",200,"https://www.stairwaymortgage.com/2025/11/05/calculating-cap-rate-real-estate/",""
"/2025/11/05/capital-partners/",200,"https://www.stairwaymortgage.com/2025/11/05/capital-partners/",""
"/2025/11/05/cash-out-refinance-investment-property/",200,"https://www.stairwaymortgage.com/2025/11/05/cash-out-refinance-investment-property/",""
"/2025/11/05/cash-out-refinance-vs-heloc/",200,"https://www.stairwaymortgage.com/2025/11/05/cash-out-refinance-vs-heloc/",""
"/2025/11/05/charitable-remainder-annuity-trust/",200,"https://www.stairwaymortgage.com/2025/11/05/charitable-remainder-annuity-trust/",""
"/2025/11/05/conservation-easement-tax-deduction/",200,"https://www.stairwaymortgage.com/2025/11/05/conservation-easement-tax-deduction/",""
"/2025/11/05/cost-segregation-real-estate/",200,"https://www.stairwaymortgage.com/2025/11/05/cost-segregation-real-estate/",""
"/2025/11/05/debt-consolidation-refinance/",200,"https://www.stairwaymortgage.com/2025/11/05/debt-consolidation-refinance/",""
"/2025/11/05/divorce-mortgage/",200,"https://www.stairwaymortgage.com/2025/11/05/divorce-mortgage/",""
"/2025/11/05/downsizing-home-for-seniors/",200,"https://www.stairwaymortgage.com/2025/11/05/downsizing-home-for-seniors/",""
"/2025/11/05/dscr-loan-meaning/",200,"https://www.stairwaymortgage.com/2025/11/05/dscr-loan-meaning/",""
"/2025/11/05/escrow-account/",200,"https://www.stairwaymortgage.com/2025/11/05/escrow-account/",""
"/2025/11/05/first-time-home-buyer-mistakes/",200,"https://www.stairwaymortgage.com/2025/11/05/first-time-home-buyer-mistakes/",""
"/2025/11/05/homeowners-insurance-review/",200,"https://www.stairwaymortgage.com/2025/11/05/homeowners-insurance-review/",""
"/2025/11/05/house-renovation-cost/",200,"https://www.stairwaymortgage.com/2025/11/05/house-renovation-cost/",""
"/2025/11/05/how-reverse-mortgage-works/",200,"https://www.stairwaymortgage.com/2025/11/05/how-reverse-mortgage-works/",""
"/2025/11/05/how-to-find-investment-property/",200,"https://www.stairwaymortgage.com/2025/11/05/how-to-find-investment-property/",""
"/2025/11/05/how-to-find-investors-for-real-estate/",200,"https://www.stairwaymortgage.com/2025/11/05/how-to-find-investors-for-real-estate/",""
"/2025/11/05/how-to-remove-pmi/",200,"https://www.stairwaymortgage.com/2025/11/05/how-to-remove-pmi/",""
"/2025/11/05/intentionally-defective-grantor-trust/",200,"https://www.stairwaymortgage.com/2025/11/05/intentionally-defective-grantor-trust/",""
"/2025/11/05/invest-in-commercial-real-estate/",200,"https://www.stairwaymortgage.com/2025/11/05/invest-in-commercial-real-estate/",""
"/2025/11/05/investment-property-analysis/",200,"https://www.stairwaymortgage.com/2025/11/05/investment-property-analysis/",""
"/2025/11/05/irrevocable-asset-protection-trust/",200,"https://www.stairwaymortgage.com/2025/11/05/irrevocable-asset-protection-trust/",""
"/2025/11/05/is-reverse-mortgage-income-taxable/",200,"https://www.stairwaymortgage.com/2025/11/05/is-reverse-mortgage-income-taxable/",""
"/2025/11/05/lawyers-for-estates-and-wills/",200,"https://www.stairwaymortgage.com/2025/11/05/lawyers-for-estates-and-wills/",""
"/2025/11/05/legacy-planning/",200,"https://www.stairwaymortgage.com/2025/11/05/legacy-planning/",""
"/2025/11/05/llc-s-corp-vs-llc-c-corp/",200,"https://www.stairwaymortgage.com/2025/11/05/llc-s-corp-vs-llc-c-corp/",""
"/2025/11/05/long-term-care-financing/",200,"https://www.stairwaymortgage.com/2025/11/05/long-term-care-financing/",""
"/2025/11/05/meaning-of-residuary-estate/",200,"https://www.stairwaymortgage.com/2025/11/05/meaning-of-residuary-estate/",""
"/2025/11/05/mortgage-recast/",200,"https://www.stairwaymortgage.com/2025/11/05/mortgage-recast/",""
"/2025/11/05/moving-out-of-state/",200,"https://www.stairwaymortgage.com/2025/11/05/moving-out-of-state/",""
"/2025/11/05/multifamily-real-estate-investing/",200,"https://www.stairwaymortgage.com/2025/11/05/multifamily-real-estate-investing/",""
"/2025/11/05/negotiating-real-estate-commission/",200,"https://www.stairwaymortgage.com/2025/11/05/negotiating-real-estate-commission/",""
"/2025/11/05/opportunity-zone-funds/",200,"https://www.stairwaymortgage.com/2025/11/05/opportunity-zone-funds/",""
"/2025/11/05/partnering-in-real-estate/",200,"https://www.stairwaymortgage.com/2025/11/05/partnering-in-real-estate/",""
"/2025/11/05/passive-activity-loss-limitations/",200,"https://www.stairwaymortgage.com/2025/11/05/passive-activity-loss-limitations/",""
"/2025/11/05/pay-off-mortgage-early/",200,"https://www.stairwaymortgage.com/2025/11/05/pay-off-mortgage-early/",""
"/2025/11/05/portfolio-and-diversification/",200,"https://www.stairwaymortgage.com/2025/11/05/portfolio-and-diversification/",""
"/2025/11/05/private-placement-life-insurance/",200,"https://www.stairwaymortgage.com/2025/11/05/private-placement-life-insurance/",""
"/2025/11/05/property-management-checklist/",200,"https://www.stairwaymortgage.com/2025/11/05/property-management-checklist/",""
"/2025/11/05/property-management-cost/",200,"https://www.stairwaymortgage.com/2025/11/05/property-management-cost/",""
"/2025/11/05/real-estate-syndication-attorney/",200,"https://www.stairwaymortgage.com/2025/11/05/real-estate-syndication-attorney/",""
"/2025/11/05/reits-that-pay-a-monthly-dividend/",200,"https://www.stairwaymortgage.com/2025/11/05/reits-that-pay-a-monthly-dividend/",""
"/2025/11/05/rent-out-my-house/",200,"https://www.stairwaymortgage.com/2025/11/05/rent-out-my-house/",""
"/2025/11/05/retirement-income-planning/",200,"https://www.stairwaymortgage.com/2025/11/05/retirement-income-planning/",""
"/2025/11/05/reverse-mortgage-death/",200,"https://www.stairwaymortgage.com/2025/11/05/reverse-mortgage-death/",""
"/2025/11/05/reverse-mortgage-income/",200,"https://www.stairwaymortgage.com/2025/11/05/reverse-mortgage-income/",""
"/2025/11/05/reverse-mortgage-pitfalls/",200,"https://www.stairwaymortgage.com/2025/11/05/reverse-mortgage-pitfalls/",""
"/2025/11/05/reverse-mortgage-pros-cons/",200,"https://www.stairwaymortgage.com/2025/11/05/reverse-mortgage-pros-cons/",""
"/2025/11/05/reverse-mortgage-qualification-requirements/",200,"https://www.stairwaymortgage.com/2025/11/05/reverse-mortgage-qualification-requirements/",""
"/2025/11/05/reverse-mortgage-vs-heloc/",200,"https://www.stairwaymortgage.com/2025/11/05/reverse-mortgage-vs-heloc/",""
"/2025/11/05/scaling-with-brrrr-strategy/",200,"https://www.stairwaymortgage.com/2025/11/05/scaling-with-brrrr-strategy/",""
"/2025/11/05/self-directed-ira-real-estate/",200,"https://www.stairwaymortgage.com/2025/11/05/self-directed-ira-real-estate/",""
"/2025/11/05/senior-property-tax-exemption/",200,"https://www.stairwaymortgage.com/2025/11/05/senior-property-tax-exemption/",""
"/2025/11/05/states-without-estate-taxes/",200,"https://www.stairwaymortgage.com/2025/11/05/states-without-estate-taxes/",""
"/2025/11/05/syndication-of-real-estate/",200,"https://www.stairwaymortgage.com/2025/11/05/syndication-of-real-estate/",""
"/2025/11/05/the-great-wealth-transfer/",200,"https://www.stairwaymortgage.com/2025/11/05/the-great-wealth-transfer/",""
"/2025/11/05/true-cost-of-homeownership/",200,"https://www.stairwaymortgage.com/2025/11/05/true-cost-of-homeownership/",""
"/2025/11/05/types-of-loans-for-flipping-houses/",200,"https://www.stairwaymortgage.com/2025/11/05/types-of-loans-for-flipping-houses/",""
"/2025/11/05/what-is-my-home-worth/",200,"https://www.stairwaymortgage.com/2025/11/05/what-is-my-home-worth/",""
"/2025/11/06/adu-financing-options/",200,"https://www.stairwaymortgage.com/2025/11/06/adu-financing-options/",""
"/2025/11/06/fha-vs-conventional/",200,"https://www.stairwaymortgage.com/2025/11/06/fha-vs-conventional/",""
"/2025/11/06/home-improvements-best-roi/",200,"https://www.stairwaymortgage.com/2025/11/06/home-improvements-best-roi/",""
"/2025/11/07/building-a-real-estate-team/",200,"https://www.stairwaymortgage.com/2025/11/07/building-a-real-estate-team/",""
"/2025/11/07/buying-first-rental-property-with-llc/",200,"https://www.stairwaymortgage.com/2025/11/07/buying-first-rental-property-with-llc/",""
"/2025/11/07/cash-flow-real-estate-vs-appreciation-real-estate/",200,"https://www.stairwaymortgage.com/2025/11/07/cash-flow-real-estate-vs-appreciation-real-estate/",""
"/2025/11/07/construction-to-permanent-loan/",200,"https://www.stairwaymortgage.com/2025/11/07/construction-to-permanent-loan/",""
"/2025/11/07/first-time-home-buyer-tips/",200,"https://www.stairwaymortgage.com/2025/11/07/first-time-home-buyer-tips/",""
"/2025/11/07/hecm-for-purchase/",200,"https://www.stairwaymortgage.com/2025/11/07/hecm-for-purchase/",""
"/2025/11/07/how-to-qualify-for-mortgage/",200,"https://www.stairwaymortgage.com/2025/11/07/how-to-qualify-for-mortgage/",""
"/2025/11/07/property-management-for-landlords/",200,"https://www.stairwaymortgage.com/2025/11/07/property-management-for-landlords/",""
"/2025/11/07/real-estate-investing-for-beginners/",200,"https://www.stairwaymortgage.com/2025/11/07/real-estate-investing-for-beginners/",""
"/2025/11/07/real-estate-investment-strategies/",200,"https://www.stairwaymortgage.com/2025/11/07/real-estate-investment-strategies/",""
"/2025/11/07/real-estate-team/",200,"https://www.stairwaymortgage.com/2025/11/07/real-estate-team/",""
"/2025/11/07/real-estate-terminology/",200,"https://www.stairwaymortgage.com/2025/11/07/real-estate-terminology/",""
"/2025/11/07/reverse-mortgage-pros-and-cons/",200,"https://www.stairwaymortgage.com/2025/11/07/reverse-mortgage-pros-and-cons/",""
"/2025/11/07/self-employed-mortgage/",200,"https://www.stairwaymortgage.com/2025/11/07/self-employed-mortgage/",""
"/2025/11/07/selling-a-house/",200,"https://www.stairwaymortgage.com/2025/11/07/selling-a-house/",""
"/2025/11/07/selling-home/",200,"https://www.stairwaymortgage.com/2025/11/07/selling-home/",""
"/2025/11/07/tax-benefits-of-rental-property/",200,"https://www.stairwaymortgage.com/2025/11/07/tax-benefits-of-rental-property/",""
"/2025/11/07/tax-break-for-buying-a-house/",200,"https://www.stairwaymortgage.com/2025/11/07/tax-break-for-buying-a-house/",""
"/2025/11/07/when-to-refinance-mortgage/",200,"https://www.stairwaymortgage.com/2025/11/07/when-to-refinance-mortgage/",""
"/2025/11/08/1031-exchange-for-dummies/",200,"https://www.stairwaymortgage.com/2025/11/08/1031-exchange-for-dummies/",""
"/2025/11/08/commercial-real-estate-analysis/",200,"https://www.stairwaymortgage.com/2025/11/08/commercial-real-estate-analysis/",""
"/2025/11/08/creative-financing-real-estate/",200,"https://www.stairwaymortgage.com/2025/11/08/creative-financing-real-estate/",""
"/2025/11/08/crowd-funding-for-startup-company/",200,"https://www.stairwaymortgage.com/2025/11/08/crowd-funding-for-startup-company/",""
"/2025/11/08/invest-in-apartment-complexes/",200,"https://www.stairwaymortgage.com/2025/11/08/invest-in-apartment-complexes/",""
"/2025/11/08/multifamily-market-analysis/",200,"https://www.stairwaymortgage.com/2025/11/08/multifamily-market-analysis/",""
"/2025/11/08/passive-portfolio-management/",200,"https://www.stairwaymortgage.com/2025/11/08/passive-portfolio-management/",""
"/2025/11/08/portfolio-lending-real-estate-loans/",200,"https://www.stairwaymortgage.com/2025/11/08/portfolio-lending-real-estate-loans/",""
"/2025/11/08/real-estate-due-diligence-checklist/",200,"https://www.stairwaymortgage.com/2025/11/08/real-estate-due-diligence-checklist/",""
"/2025/11/08/real-estate-syndication/",200,"https://www.stairwaymortgage.com/2025/11/08/real-estate-syndication/",""
"/2025/11/08/real-estate-tax-strategies/",200,"https://www.stairwaymortgage.com/2025/11/08/real-estate-tax-strategies/",""
"/2025/11/10/charitable-donations-and-tax-deductions/",200,"https://www.stairwaymortgage.com/2025/11/10/charitable-donations-and-tax-deductions/",""
"/2025/11/10/family-limited-partnership/",200,"https://www.stairwaymortgage.com/2025/11/10/family-limited-partnership/",""
"/2025/11/10/landlord-insurance-for-rental-property/",200,"https://www.stairwaymortgage.com/2025/11/10/landlord-insurance-for-rental-property/",""
"/2025/11/10/landlord-responsibilities/",200,"https://www.stairwaymortgage.com/2025/11/10/landlord-responsibilities/",""
"/2025/11/10/life-insurance-into-a-trust/",200,"https://www.stairwaymortgage.com/2025/11/10/life-insurance-into-a-trust/",""
"/2025/11/10/qualified-personal-residence-trust/",200,"https://www.stairwaymortgage.com/2025/11/10/qualified-personal-residence-trust/",""
"/2025/11/10/types-of-investment-properties/",200,"https://www.stairwaymortgage.com/2025/11/10/types-of-investment-properties/",""
"/2025/11/11/home-renovation/",200,"https://www.stairwaymortgage.com/2025/11/11/home-renovation/",""
"/2025/11/11/market-cycles/",200,"https://www.stairwaymortgage.com/2025/11/11/market-cycles/",""
"/2025/11/11/types-of-home-mortgage-loans/",200,"https://www.stairwaymortgage.com/2025/11/11/types-of-home-mortgage-loans/",""
"/2025/11/12/closing-on-a-house/",200,"https://www.stairwaymortgage.com/2025/11/12/closing-on-a-house/",""
"/2025/11/12/mortgage-protection-insurance/",200,"https://www.stairwaymortgage.com/2025/11/12/mortgage-protection-insurance/",""
"/2025/11/12/special-financing/",200,"https://www.stairwaymortgage.com/2025/11/12/special-financing/",""
"/2025/11/16/nexa-mortgage-nexa-lending/",200,"https://www.stairwaymortgage.com/2025/11/16/nexa-mortgage-nexa-lending/",""
"/50-30-20-budget-rule/",404,"https://www.stairwaymortgage.com/50-30-20-budget-rule/",""
"/55-plus-community/",404,"https://www.stairwaymortgage.com/55-plus-community/",""
"/about-us/",404,"https://www.stairwaymortgage.com/about-us/",""
"/accountants-underwriters/",200,"https://www.stairwaymortgage.com/accountants-underwriters/",""
"/active-investor-email-verification/",200,"https://www.stairwaymortgage.com/","308:https://www.stairwaymortgage.com/active-investor-email-verification/"
"/active-investor-quiz/",200,"https://www.stairwaymortgage.com/discovery-quiz/","308:https://www.stairwaymortgage.com/active-investor-quiz/"
"/active-investors-journey/",200,"https://www.stairwaymortgage.com/active-investors-journey/",""
"/adam/",404,"https://www.stairwaymortgage.com/adam/",""
"/adu-financing-options/",404,"https://www.stairwaymortgage.com/adu-financing-options/",""
"/advantages-of-a-living-trust/",404,"https://www.stairwaymortgage.com/advantages-of-a-living-trust/",""
"/aging-in-place-modifications/",404,"https://www.stairwaymortgage.com/aging-in-place-modifications/",""
"/all-case-studies/",200,"https://www.stairwaymortgage.com/case-studies/","308:https://www.stairwaymortgage.com/all-case-studies/"
"/all-loan-calculators/",200,"https://www.stairwaymortgage.com/loan-calculators/","308:https://www.stairwaymortgage.com/all-loan-calculators/"
"/all-loan-programs/",200,"https://www.stairwaymortgage.com/loan-programs/","308:https://www.stairwaymortgage.com/all-loan-programs/"
"/american-hero-email-verification/",200,"https://www.stairwaymortgage.com/","308:https://www.stairwaymortgage.com/american-hero-email-verification/"
"/american-hero-quiz/",200,"https://www.stairwaymortgage.com/discovery-quiz/","308:https://www.stairwaymortgage.com/american-hero-quiz/"
"/apply-for-mortgage/",403,"https://stairwaymortgage.my1003app.com/","308:https://www.stairwaymortgage.com/apply-for-mortgage/"
"/appraisal-when-buying-a-house/",404,"https://www.stairwaymortgage.com/appraisal-when-buying-a-house/",""
"/architects-designers/",200,"https://www.stairwaymortgage.com/architects-designers/",""
"/art-of-follow-up-quiz/",200,"https://www.stairwaymortgage.com/discovery-quiz/","308:https://www.stairwaymortgage.com/art-of-follow-up-quiz/"
"/attorneys-title-teams/",200,"https://www.stairwaymortgage.com/attorneys-title-teams/",""
"/authorized-user-credit-card/",404,"https://www.stairwaymortgage.com/authorized-user-credit-card/",""
"/aviation-professionals/",200,"https://www.stairwaymortgage.com/aviation-professionals/",""
"/aviation-professionals/pilots/",200,"https://www.stairwaymortgage.com/aviation-professionals/pilot/","308:https://www.stairwaymortgage.com/aviation-professionals/pilots/"
"/best-mortgage-company/",404,"https://www.stairwaymortgage.com/best-mortgage-company/",""
"/best-way-to-earn-a-passive-income/",404,"https://www.stairwaymortgage.com/best-way-to-earn-a-passive-income/",""
"/blog/",200,"https://www.stairwaymortgage.com/blog/",""
"/branches-careers-internships/",200,"https://www.stairwaymortgage.com/branches-careers-internships/",""
"/bridge-loan-mortgage/",404,"https://www.stairwaymortgage.com/bridge-loan-mortgage/",""
"/brrrr-method/",404,"https://www.stairwaymortgage.com/brrrr-method/",""
"/build-a-house-journey/",200,"https://www.stairwaymortgage.com/build-a-house-journey/",""
"/build-a-wealth-plan-journey/",200,"https://www.stairwaymortgage.com/build-a-wealth-plan-journey/",""
"/build-your-dream-team-guide/",404,"https://www.stairwaymortgage.com/build-your-dream-team-guide/",""
"/builders-contractors/",200,"https://www.stairwaymortgage.com/builders-contractors/",""
"/builders-design-professionals/",200,"https://www.stairwaymortgage.com/builders-contractors/","308:https://www.stairwaymortgage.com/builders-design-professionals/"
"/building-a-real-estate-team/",404,"https://www.stairwaymortgage.com/building-a-real-estate-team/",""
"/business-plan-for-investing-in-real-estate/",404,"https://www.stairwaymortgage.com/business-plan-for-investing-in-real-estate/",""
"/buy-a-house-copied-from-smart-parents-smart-students/",404,"https://www.stairwaymortgage.com/buy-a-house-copied-from-smart-parents-smart-students/",""
"/buy-a-house-journey/",200,"https://www.stairwaymortgage.com/buy-a-house-journey/",""
"/buy-a-house/",404,"https://www.stairwaymortgage.com/buy-a-house/",""
"/buy-now-or-wait/",404,"https://www.stairwaymortgage.com/buy-now-or-wait/",""
"/buyer-identity-quiz-homeowner-vs-investor/",404,"https://www.stairwaymortgage.com/buyer-identity-quiz-homeowner-vs-investor/",""
"/buying-a-home-or-investment/",404,"https://www.stairwaymortgage.com/buying-a-home-or-investment/",""
"/buying-first-rental-property-with-llc/",404,"https://www.stairwaymortgage.com/buying-first-rental-property-with-llc/",""
"/buying-your-first-home/",404,"https://www.stairwaymortgage.com/buying-your-first-home/",""
"/calculating-cap-rate-real-estate/",404,"https://www.stairwaymortgage.com/calculating-cap-rate-real-estate/",""
"/calculators/",404,"https://www.stairwaymortgage.com/calculators/",""
"/california-privacy/",200,"https://www.stairwaymortgage.com/california-privacy/",""
"/can-you-buy-a-home-with-a-reverse-mortgage-yes-heres-how/",404,"https://www.stairwaymortgage.com/can-you-buy-a-home-with-a-reverse-mortgage-yes-heres-how/",""
"/capital-partners/",404,"https://www.stairwaymortgage.com/capital-partners/",""
"/case-studies-1/",404,"https://www.stairwaymortgage.com/case-studies-1/",""
"/case-studies-2/",404,"https://www.stairwaymortgage.com/case-studies-2/",""
"/case-studies-3/",404,"https://www.stairwaymortgage.com/case-studies-3/",""
"/case-studies/",200,"https://www.stairwaymortgage.com/case-studies/",""
"/case-studies/1099-loan-cash-out-refinance/",200,"https://www.stairwaymortgage.com/case-studies/1099-loan-cash-out-refinance/",""
"/case-studies/1099-loan-refinance/",200,"https://www.stairwaymortgage.com/case-studies/1099-loan-refinance/",""
"/case-studies/1099-loan/",200,"https://www.stairwaymortgage.com/case-studies/1099-loan/",""
"/case-studies/asset-based-loan-cash-out-refinance/",200,"https://www.stairwaymortgage.com/case-studies/asset-based-loan-cash-out-refinance/",""
"/case-studies/asset-based-loan-refinance/",200,"https://www.stairwaymortgage.com/case-studies/asset-based-loan-refinance/",""
"/case-studies/asset-based-loan/",200,"https://www.stairwaymortgage.com/case-studies/asset-based-loan/",""
"/case-studies/bank-statement-loan-cash-out-refinance/",200,"https://www.stairwaymortgage.com/case-studies/bank-statement-loan-cash-out-refinance/",""
"/case-studies/bank-statement-loan-refinance/",200,"https://www.stairwaymortgage.com/case-studies/bank-statement-loan-refinance/",""
"/case-studies/bank-statement-loan/",200,"https://www.stairwaymortgage.com/case-studies/bank-statement-loan/",""
"/case-studies/bridge-loan/",200,"https://www.stairwaymortgage.com/case-studies/bridge-loan/",""
"/case-studies/build-to-rent/",200,"https://www.stairwaymortgage.com/case-studies/build-to-rent/",""
"/case-studies/build-to-sell/",200,"https://www.stairwaymortgage.com/case-studies/build-to-sell/",""
"/case-studies/condotel-loan-cash-out-refinance/",200,"https://www.stairwaymortgage.com/case-studies/condotel-loan-cash-out-refinance/",""
"/case-studies/condotel-loan-refinance/",200,"https://www.stairwaymortgage.com/case-studies/condotel-loan-refinance/",""
"/case-studies/condotel-loan/",200,"https://www.stairwaymortgage.com/case-studies/condotel-loan/",""
"/case-studies/construction-loan/",200,"https://www.stairwaymortgage.com/case-studies/construction-loan/",""
"/case-studies/conventional-construction-loan/",200,"https://www.stairwaymortgage.com/case-studies/conventional-construction-loan/",""
"/case-studies/conventional-loan-cash-out-refinance/",200,"https://www.stairwaymortgage.com/case-studies/conventional-loan-cash-out-refinance/",""
"/case-studies/conventional-loan-refinance/",200,"https://www.stairwaymortgage.com/case-studies/conventional-loan-refinance/",""
"/case-studies/conventional-loan/",200,"https://www.stairwaymortgage.com/case-studies/conventional-loan/",""
"/case-studies/down-payment-assistance/",200,"https://www.stairwaymortgage.com/case-studies/down-payment-assistance/",""
"/case-studies/dscr-loan-cash-out-refinance/",200,"https://www.stairwaymortgage.com/case-studies/dscr-loan-cash-out-refinance/",""
"/case-studies/dscr-loan-refinance/",200,"https://www.stairwaymortgage.com/case-studies/dscr-loan-refinance/",""
"/case-studies/dscr-loan/",200,"https://www.stairwaymortgage.com/case-studies/dscr-loan/",""
"/case-studies/fha-203k-loan/",200,"https://www.stairwaymortgage.com/case-studies/fha-203k-loan/",""
"/case-studies/fha-construction-loan/",200,"https://www.stairwaymortgage.com/case-studies/fha-construction-loan/",""
"/case-studies/fha-loan-cash-out-refinance/",200,"https://www.stairwaymortgage.com/case-studies/fha-loan-cash-out-refinance/",""
"/case-studies/fha-loan-refinance/",200,"https://www.stairwaymortgage.com/case-studies/fha-loan-refinance/",""
"/case-studies/fha-loan/",200,"https://www.stairwaymortgage.com/case-studies/fha-loan/",""
"/case-studies/fha-streamline-refinance/",200,"https://www.stairwaymortgage.com/case-studies/fha-streamline-refinance/",""
"/case-studies/fix-and-flip-loan/",200,"https://www.stairwaymortgage.com/case-studies/fix-and-flip-loan/",""
"/case-studies/foreign-national-loan-cash-out-refinance/",200,"https://www.stairwaymortgage.com/case-studies/foreign-national-loan-cash-out-refinance/",""
"/case-studies/foreign-national-loan-refinance/",200,"https://www.stairwaymortgage.com/case-studies/foreign-national-loan-refinance/",""
"/case-studies/foreign-national-loan/",200,"https://www.stairwaymortgage.com/case-studies/foreign-national-loan/",""
"/case-studies/hard-money-loan-cash-out-refinance/",200,"https://www.stairwaymortgage.com/case-studies/hard-money-loan-cash-out-refinance/",""
"/case-studies/hard-money-loan/",200,"https://www.stairwaymortgage.com/case-studies/hard-money-loan/",""
"/case-studies/heloc/",200,"https://www.stairwaymortgage.com/case-studies/heloc/",""
"/case-studies/home-equity-loan/",200,"https://www.stairwaymortgage.com/case-studies/home-equity-loan/",""
"/case-studies/home-improvement-loan/",200,"https://www.stairwaymortgage.com/case-studies/home-improvement-loan/",""
"/case-studies/homestyle-renovation-loan-refinance/",200,"https://www.stairwaymortgage.com/case-studies/homestyle-renovation-loan-refinance/",""
"/case-studies/homestyle-renovation-loan/",200,"https://www.stairwaymortgage.com/case-studies/homestyle-renovation-loan/",""
"/case-studies/itin-loan-cash-out-refinance/",200,"https://www.stairwaymortgage.com/case-studies/itin-loan-cash-out-refinance/",""
"/case-studies/itin-loan-refinance/",200,"https://www.stairwaymortgage.com/case-studies/itin-loan-refinance/",""
"/case-studies/itin-loan/",200,"https://www.stairwaymortgage.com/case-studies/itin-loan/",""
"/case-studies/jumbo-construction-loan/",200,"https://www.stairwaymortgage.com/case-studies/jumbo-construction-loan/",""
"/case-studies/jumbo-loan-cash-out-refinance/",200,"https://www.stairwaymortgage.com/case-studies/jumbo-loan-cash-out-refinance/",""
"/case-studies/jumbo-loan-refinance/",200,"https://www.stairwaymortgage.com/case-studies/jumbo-loan-refinance/",""
"/case-studies/jumbo-loan/",200,"https://www.stairwaymortgage.com/case-studies/jumbo-loan/",""
"/case-studies/no-doc-loan-cash-out-refinance/",200,"https://www.stairwaymortgage.com/case-studies/no-doc-loan-cash-out-refinance/",""
"/case-studies/no-doc-loan-refinance/",200,"https://www.stairwaymortgage.com/case-studies/no-doc-loan-refinance/",""
"/case-studies/no-doc-loan/",200,"https://www.stairwaymortgage.com/case-studies/no-doc-loan/",""
"/case-studies/non-warrantable-condo-loan-cash-out-refinance/",200,"https://www.stairwaymortgage.com/case-studies/non-warrantable-condo-loan-cash-out-refinance/",""
"/case-studies/non-warrantable-condo-loan-refinance/",200,"https://www.stairwaymortgage.com/case-studies/non-warrantable-condo-loan-refinance/",""
"/case-studies/non-warrantable-condo-loan/",200,"https://www.stairwaymortgage.com/case-studies/non-warrantable-condo-loan/",""
"/case-studies/off-market-deal/",200,"https://www.stairwaymortgage.com/case-studies/off-market-deal/",""
"/case-studies/p-and-l-loan-cash-out-refinance/",200,"https://www.stairwaymortgage.com/case-studies/p-and-l-loan-cash-out-refinance/",""
"/case-studies/p-and-l-loan-refinance/",200,"https://www.stairwaymortgage.com/case-studies/p-and-l-loan-refinance/",""
"/case-studies/p-and-l-loan/",200,"https://www.stairwaymortgage.com/case-studies/p-and-l-loan/",""
"/case-studies/portfolio-loan-cash-out-refinance/",200,"https://www.stairwaymortgage.com/case-studies/portfolio-loan-cash-out-refinance/",""
"/case-studies/portfolio-loan-refinance/",200,"https://www.stairwaymortgage.com/case-studies/portfolio-loan-refinance/",""
"/case-studies/portfolio-loan/",200,"https://www.stairwaymortgage.com/case-studies/portfolio-loan/",""
"/case-studies/resort-condo-loan-cash-out-refinance/",200,"https://www.stairwaymortgage.com/case-studies/resort-condo-loan-cash-out-refinance/",""
"/case-studies/resort-condo-loan-refinance/",200,"https://www.stairwaymortgage.com/case-studies/resort-condo-loan-refinance/",""
"/case-studies/resort-condo-loan/",200,"https://www.stairwaymortgage.com/case-studies/resort-condo-loan/",""
"/case-studies/reverse-mortgage-cash-out-refinance/",200,"https://www.stairwaymortgage.com/case-studies/reverse-mortgage-cash-out-refinance/",""
"/case-studies/reverse-mortgage-income/",200,"https://www.stairwaymortgage.com/case-studies/reverse-mortgage-income/",""
"/case-studies/reverse-mortgage-refinance/",200,"https://www.stairwaymortgage.com/case-studies/reverse-mortgage-refinance/",""
"/case-studies/reverse-mortgage/",200,"https://www.stairwaymortgage.com/case-studies/reverse-mortgage/",""
"/case-studies/section-184-loan-cash-out-refinance/",200,"https://www.stairwaymortgage.com/case-studies/section-184-loan-cash-out-refinance/",""
"/case-studies/section-184-loan-refinance/",200,"https://www.stairwaymortgage.com/case-studies/section-184-loan-refinance/",""
"/case-studies/section-184-loan/",200,"https://www.stairwaymortgage.com/case-studies/section-184-loan/",""
"/case-studies/stated-income-loan-cash-out-refinance/",200,"https://www.stairwaymortgage.com/case-studies/stated-income-loan-cash-out-refinance/",""
"/case-studies/stated-income-loan-refinance/",200,"https://www.stairwaymortgage.com/case-studies/stated-income-loan-refinance/",""
"/case-studies/stated-income-loan/",200,"https://www.stairwaymortgage.com/case-studies/stated-income-loan/",""
"/case-studies/usda-construction-loan/",200,"https://www.stairwaymortgage.com/case-studies/usda-construction-loan/",""
"/case-studies/usda-loan-cash-out-refinance/",200,"https://www.stairwaymortgage.com/case-studies/usda-loan-cash-out-refinance/",""
"/case-studies/usda-loan-refinance/",200,"https://www.stairwaymortgage.com/case-studies/usda-loan-refinance/",""
"/case-studies/usda-loan/",200,"https://www.stairwaymortgage.com/case-studies/usda-loan/",""
"/case-studies/va-construction-loan/",200,"https://www.stairwaymortgage.com/case-studies/va-construction-loan/",""
"/case-studies/va-irrrl/",200,"https://www.stairwaymortgage.com/case-studies/va-irrrl/",""
"/case-studies/va-loan-cash-out-refinance/",200,"https://www.stairwaymortgage.com/case-studies/va-loan-cash-out-refinance/",""
"/case-studies/va-loan-refinance/",200,"https://www.stairwaymortgage.com/case-studies/va-loan-refinance/",""
"/case-studies/va-loan/",200,"https://www.stairwaymortgage.com/case-studies/va-loan/",""
"/cash-flow-real-estate-vs-appreciation-real-estate/",404,"https://www.stairwaymortgage.com/cash-flow-real-estate-vs-appreciation-real-estate/",""
"/cash-out-refi-upgrade-invest-or-consolidate/",404,"https://www.stairwaymortgage.com/cash-out-refi-upgrade-invest-or-consolidate/",""
"/cash-out-refinance-investment-property/",404,"https://www.stairwaymortgage.com/cash-out-refinance-investment-property/",""
"/cash-out-refinance-vs-heloc/",404,"https://www.stairwaymortgage.com/cash-out-refinance-vs-heloc/",""
"/certified-stairway-advisor/",200,"https://www.stairwaymortgage.com/certified-stairway-advisor/",""
"/charitable-donations-and-tax-deductions/",404,"https://www.stairwaymortgage.com/charitable-donations-and-tax-deductions/",""
"/charitable-remainder-annuity-trust/",404,"https://www.stairwaymortgage.com/charitable-remainder-annuity-trust/",""
"/checkout/",200,"https://www.stairwaymortgage.com/","308:https://www.stairwaymortgage.com/checkout/"
"/client-stories/",404,"https://www.stairwaymortgage.com/client-stories/",""
"/closing-costs-for-buyers/",404,"https://www.stairwaymortgage.com/closing-costs-for-buyers/",""
"/closing-on-a-house/",404,"https://www.stairwaymortgage.com/closing-on-a-house/",""
"/college-savings/",404,"https://www.stairwaymortgage.com/college-savings/",""
"/comfort-vs-cash-flow-decision-matrix/",404,"https://www.stairwaymortgage.com/comfort-vs-cash-flow-decision-matrix/",""
"/commercial-real-estate-analysis/",404,"https://www.stairwaymortgage.com/commercial-real-estate-analysis/",""
"/common-reverse-mortgage-myths-debunked-with-real-facts/",404,"https://www.stairwaymortgage.com/common-reverse-mortgage-myths-debunked-with-real-facts/",""
"/community-causes/",200,"https://www.stairwaymortgage.com/community-causes/",""
"/conservation-easement-tax-deduction/",404,"https://www.stairwaymortgage.com/conservation-easement-tax-deduction/",""
"/construction-to-permanent-loan/",404,"https://www.stairwaymortgage.com/construction-to-permanent-loan/",""
"/contact-us/",200,"https://www.stairwaymortgage.com/contact-us/",""
"/corporate-executives/",200,"https://www.stairwaymortgage.com/corporate-executives/",""
"/cost-segregation-real-estate/",404,"https://www.stairwaymortgage.com/cost-segregation-real-estate/",""
"/courses/",200,"https://www.stairwaymortgage.com/courses/",""
"/creative-earners/",200,"https://www.stairwaymortgage.com/creative-earners/",""
"/creative-financing-real-estate/",404,"https://www.stairwaymortgage.com/creative-financing-real-estate/",""
"/crowd-funding-for-startup-company/",404,"https://www.stairwaymortgage.com/crowd-funding-for-startup-company/",""
"/csa/",200,"https://www.stairwaymortgage.com/certified-stairway-advisor/","308:https://www.stairwaymortgage.com/csa/"
"/current-rates/",200,"https://www.stairwaymortgage.com/current-rates/",""
"/debt-consolidation-refinance/",404,"https://www.stairwaymortgage.com/debt-consolidation-refinance/",""
"/dental-medicine-mortgage/",200,"https://www.stairwaymortgage.com/dental-wellness-professionals/","308:https://www.stairwaymortgage.com/dental-medicine-mortgage/"
"/dental-wellness-professionals/",200,"https://www.stairwaymortgage.com/dental-wellness-professionals/",""
"/dentist-mortgage/",200,"https://www.stairwaymortgage.com/dental-wellness-professionals/dentist/","308:https://www.stairwaymortgage.com/dentist-mortgage/"
"/discovery-quiz/",200,"https://www.stairwaymortgage.com/discovery-quiz/",""
"/divorce-mortgage/",404,"https://www.stairwaymortgage.com/divorce-mortgage/",""
"/do-not-share-info/",200,"https://www.stairwaymortgage.com/privacy/","308:https://www.stairwaymortgage.com/do-not-share-info/"
"/downsizing-home-for-seniors/",404,"https://www.stairwaymortgage.com/downsizing-home-for-seniors/",""
"/dscr-loan-meaning/",404,"https://www.stairwaymortgage.com/dscr-loan-meaning/",""
"/escrow-account/",404,"https://www.stairwaymortgage.com/escrow-account/",""
"/family-limited-partnership/",404,"https://www.stairwaymortgage.com/family-limited-partnership/",""
"/family-planning-inheritance-guide/",404,"https://www.stairwaymortgage.com/family-planning-inheritance-guide/",""
"/fha-loan-qualifications/",404,"https://www.stairwaymortgage.com/fha-loan-qualifications/",""
"/fha-vs-conventional/",404,"https://www.stairwaymortgage.com/fha-vs-conventional/",""
"/final-walkthrough-before-closing/",404,"https://www.stairwaymortgage.com/final-walkthrough-before-closing/",""
"/finance-professionals/",200,"https://www.stairwaymortgage.com/financial-planners/","308:https://www.stairwaymortgage.com/finance-professionals/"
"/financial-planners/",200,"https://www.stairwaymortgage.com/financial-planners/",""
"/find-a-mortgage-broker/",200,"https://www.stairwaymortgage.com/","308:https://www.stairwaymortgage.com/find-a-mortgage-broker/"
"/find-a-tenant-journey/",200,"https://www.stairwaymortgage.com/find-a-tenant-journey/",""
"/find-broker/",404,"https://www.stairwaymortgage.com/find-broker/",""
"/first-credit-card/",404,"https://www.stairwaymortgage.com/first-credit-card/",""
"/first-time-buyer-quiz/",200,"https://www.stairwaymortgage.com/discovery-quiz/","308:https://www.stairwaymortgage.com/first-time-buyer-quiz/"
"/first-time-buyers-journey/",200,"https://www.stairwaymortgage.com/first-time-buyers-journey/",""
"/first-time-home-buyer-assistance/",404,"https://www.stairwaymortgage.com/first-time-home-buyer-assistance/",""
"/first-time-home-buyer-down-payment-assistance/",404,"https://www.stairwaymortgage.com/first-time-home-buyer-down-payment-assistance/",""
"/first-time-home-buyer-email-verification/",200,"https://www.stairwaymortgage.com/","308:https://www.stairwaymortgage.com/first-time-home-buyer-email-verification/"
"/first-time-home-buyer-mistakes/",404,"https://www.stairwaymortgage.com/first-time-home-buyer-mistakes/",""
"/first-time-home-buyer-programs/",404,"https://www.stairwaymortgage.com/first-time-home-buyer-programs/",""
"/first-time-home-buyer-tips/",404,"https://www.stairwaymortgage.com/first-time-home-buyer-tips/",""
"/first-time-homebuyer-checklist/",404,"https://www.stairwaymortgage.com/first-time-homebuyer-checklist/",""
"/first-time-investor-email-verification/",200,"https://www.stairwaymortgage.com/","308:https://www.stairwaymortgage.com/first-time-investor-email-verification/"
"/first-time-investor-quiz/",200,"https://www.stairwaymortgage.com/discovery-quiz/","308:https://www.stairwaymortgage.com/first-time-investor-quiz/"
"/first-time-investors-journey/",200,"https://www.stairwaymortgage.com/the-8-steps/first-time-investor/","308:https://www.stairwaymortgage.com/first-time-investors-journey/"
"/fixed-vs-arm-comparison-worksheet/",404,"https://www.stairwaymortgage.com/fixed-vs-arm-comparison-worksheet/",""
"/founder-philosophy-values/",200,"https://www.stairwaymortgage.com/founder-philosophy-values/",""
"/free-credit-report/",200,"https://www.stairwaymortgage.com/","308:https://www.stairwaymortgage.com/free-credit-report/"
"/get-a-local-intro/",404,"https://www.stairwaymortgage.com/get-a-local-intro/",""
"/get-a-local-introduction/",200,"https://www.stairwaymortgage.com/get-a-local-introduction/",""
"/get-approved/",403,"https://stairwaymortgage.my1003app.com/register","308:https://www.stairwaymortgage.com/get-approved/"
"/gift-money/",404,"https://www.stairwaymortgage.com/gift-money/",""
"/guides-3/",404,"https://www.stairwaymortgage.com/guides-3/",""
"/guides/",200,"https://www.stairwaymortgage.com/guides/",""
"/hecm-for-purchase/",404,"https://www.stairwaymortgage.com/hecm-for-purchase/",""
"/home-improvements-best-roi/",404,"https://www.stairwaymortgage.com/home-improvements-best-roi/",""
"/home-inspection-checklist-for-buyers/",404,"https://www.stairwaymortgage.com/home-inspection-checklist-for-buyers/",""
"/home-loan-timeline/",404,"https://www.stairwaymortgage.com/home-loan-timeline/",""
"/home-purchase-budget/",404,"https://www.stairwaymortgage.com/home-purchase-budget/",""
"/home-renovation/",404,"https://www.stairwaymortgage.com/home-renovation/",""
"/home-value-report/",200,"https://www.stairwaymortgage.com/home-value-report/",""
"/homeowner-email-verification/",200,"https://www.stairwaymortgage.com/","308:https://www.stairwaymortgage.com/homeowner-email-verification/"
"/homeowner-maintenance-checklist/",404,"https://www.stairwaymortgage.com/homeowner-maintenance-checklist/",""
"/homeowner-quiz/",200,"https://www.stairwaymortgage.com/discovery-quiz/","308:https://www.stairwaymortgage.com/homeowner-quiz/"
"/homeowners-insurance-review/",404,"https://www.stairwaymortgage.com/homeowners-insurance-review/",""
"/homeowners-journey/",200,"https://www.stairwaymortgage.com/homeowners-journey/",""
"/house-hack-property-analyzer/",404,"https://www.stairwaymortgage.com/house-hack-property-analyzer/",""
"/house-hacking/",404,"https://www.stairwaymortgage.com/house-hacking/",""
"/house-renovation-cost/",404,"https://www.stairwaymortgage.com/house-renovation-cost/",""
"/how-adult-children-can-help-parents-navigate-a-reverse-mortgage/",404,"https://www.stairwaymortgage.com/how-adult-children-can-help-parents-navigate-a-reverse-mortgage/",""
"/how-do-i-determine-my-homes-value/",404,"https://www.stairwaymortgage.com/how-do-i-determine-my-homes-value/",""
"/how-do-i-find-a-great-real-estate-agent/",404,"https://www.stairwaymortgage.com/how-do-i-find-a-great-real-estate-agent/",""
"/how-do-i-get-rid-of-pmi/",404,"https://www.stairwaymortgage.com/how-do-i-get-rid-of-pmi/",""
"/how-do-i-know-if-im-ready-to-buy-a-home/",404,"https://www.stairwaymortgage.com/how-do-i-know-if-im-ready-to-buy-a-home/",""
"/how-do-i-make-an-offer-on-a-home/",404,"https://www.stairwaymortgage.com/how-do-i-make-an-offer-on-a-home/",""
"/how-do-i-negotiate-a-home-purchase/",404,"https://www.stairwaymortgage.com/how-do-i-negotiate-a-home-purchase/",""
"/how-do-i-prepare-for-closing-day/",404,"https://www.stairwaymortgage.com/how-do-i-prepare-for-closing-day/",""
"/how-do-i-save-for-a-down-payment/",404,"https://www.stairwaymortgage.com/how-do-i-save-for-a-down-payment/",""
"/how-do-property-taxes-affect-my-mortgage-payment/",404,"https://www.stairwaymortgage.com/how-do-property-taxes-affect-my-mortgage-payment/",""
"/how-does-a-down-payment-affect-my-mortgage/",404,"https://www.stairwaymortgage.com/how-does-a-down-payment-affect-my-mortgage/",""
"/how-does-a-home-inspection-work/",404,"https://www.stairwaymortgage.com/how-does-a-home-inspection-work/",""
"/how-does-a-reverse-mortgage-work/",404,"https://www.stairwaymortgage.com/how-does-a-reverse-mortgage-work/",""
"/how-does-owning-a-home-impact-my-taxes/",404,"https://www.stairwaymortgage.com/how-does-owning-a-home-impact-my-taxes/",""
"/how-does-refinancing-work/",404,"https://www.stairwaymortgage.com/how-does-refinancing-work/",""
"/how-does-the-appraisal-process-work/",404,"https://www.stairwaymortgage.com/how-does-the-appraisal-process-work/",""
"/how-does-the-mortgage-process-work/",404,"https://www.stairwaymortgage.com/how-does-the-mortgage-process-work/",""
"/how-long-does-it-take-to-buy-a-home/",404,"https://www.stairwaymortgage.com/how-long-does-it-take-to-buy-a-home/",""
"/how-much-can-you-actually-get-from-a-reverse-mortgage/",404,"https://www.stairwaymortgage.com/how-much-can-you-actually-get-from-a-reverse-mortgage/",""
"/how-much-do-i-need-for-a-down-payment-home-purchase/",404,"https://www.stairwaymortgage.com/how-much-do-i-need-for-a-down-payment-home-purchase/",""
"/how-much-home-can-i-afford/",404,"https://www.stairwaymortgage.com/how-much-home-can-i-afford/",""
"/how-reverse-mortgage-works/",404,"https://www.stairwaymortgage.com/how-reverse-mortgage-works/",""
"/how-to-build-a-buy-box-and-stick-to-it/",404,"https://www.stairwaymortgage.com/how-to-build-a-buy-box-and-stick-to-it/",""
"/how-to-find-investment-property/",404,"https://www.stairwaymortgage.com/how-to-find-investment-property/",""
"/how-to-find-investors-for-real-estate/",404,"https://www.stairwaymortgage.com/how-to-find-investors-for-real-estate/",""
"/how-to-make-an-offer-on-a-house/",404,"https://www.stairwaymortgage.com/how-to-make-an-offer-on-a-house/",""
"/how-to-qualify-for-mortgage/",404,"https://www.stairwaymortgage.com/how-to-qualify-for-mortgage/",""
"/how-to-remove-pmi/",404,"https://www.stairwaymortgage.com/how-to-remove-pmi/",""
"/how-to-save-for-a-house/",404,"https://www.stairwaymortgage.com/how-to-save-for-a-house/",""
"/how-to-use-a-reverse-mortgage-for-aging-in-place-without-compromise/",404,"https://www.stairwaymortgage.com/how-to-use-a-reverse-mortgage-for-aging-in-place-without-compromise/",""
"/how-to-use-a-reverse-mortgage-to-preserve-wealth-not-just-access-it/",404,"https://www.stairwaymortgage.com/how-to-use-a-reverse-mortgage-to-preserve-wealth-not-just-access-it/",""
"/how-to-use-equity-without-losing-your-rate/",404,"https://www.stairwaymortgage.com/how-to-use-equity-without-losing-your-rate/",""
"/ideal-home/",404,"https://www.stairwaymortgage.com/ideal-home/",""
"/improve-credit-score-for-mortgage/",404,"https://www.stairwaymortgage.com/improve-credit-score-for-mortgage/",""
"/insurance-brokers/",200,"https://www.stairwaymortgage.com/insurance-brokers/",""
"/intentionally-defective-grantor-trust/",404,"https://www.stairwaymortgage.com/intentionally-defective-grantor-trust/",""
"/intro-to-stairway-email-verification/",200,"https://www.stairwaymortgage.com/","308:https://www.stairwaymortgage.com/intro-to-stairway-email-verification/"
"/invest-in-apartment-complexes/",404,"https://www.stairwaymortgage.com/invest-in-apartment-complexes/",""
"/invest-in-commercial-real-estate/",404,"https://www.stairwaymortgage.com/invest-in-commercial-real-estate/",""
"/investment-property-analysis/",404,"https://www.stairwaymortgage.com/investment-property-analysis/",""
"/ira-planner-email-verification/",200,"https://www.stairwaymortgage.com/","308:https://www.stairwaymortgage.com/ira-planner-email-verification/"
"/irrevocable-asset-protection-trust/",404,"https://www.stairwaymortgage.com/irrevocable-asset-protection-trust/",""
"/is-reverse-mortgage-income-taxable/",404,"https://www.stairwaymortgage.com/is-reverse-mortgage-income-taxable/",""
"/jim-blackburn-mortgage-broker/",404,"https://www.stairwaymortgage.com/jim-blackburn-mortgage-broker/",""
"/jim-blackburn-mortgage/",200,"https://www.stairwaymortgage.com/jim-blackburn-mortgage/",""
"/jim-linktree/",200,"https://www.stairwaymortgage.com/","308:https://www.stairwaymortgage.com/jim-linktree/"
"/join-our-partner-network/",200,"https://www.stairwaymortgage.com/realtors/","308:https://www.stairwaymortgage.com/join-our-partner-network/"
"/kerry-white/",404,"https://www.stairwaymortgage.com/kerry-white/",""
"/landlord-insurance-for-rental-property/",404,"https://www.stairwaymortgage.com/landlord-insurance-for-rental-property/",""
"/landlord-responsibilities/",404,"https://www.stairwaymortgage.com/landlord-responsibilities/",""
"/lawyers-for-estates-and-wills/",404,"https://www.stairwaymortgage.com/lawyers-for-estates-and-wills/",""
"/legacy-angel-email-verification/",200,"https://www.stairwaymortgage.com/","308:https://www.stairwaymortgage.com/legacy-angel-email-verification/"
"/legacy-angel-quiz/",200,"https://www.stairwaymortgage.com/discovery-quiz/","308:https://www.stairwaymortgage.com/legacy-angel-quiz/"
"/legacy-angels-journey/",200,"https://www.stairwaymortgage.com/the-8-steps/legacy-angel/","308:https://www.stairwaymortgage.com/legacy-angels-journey/"
"/legacy-planning/",404,"https://www.stairwaymortgage.com/legacy-planning/",""
"/legal-business-entrepreneurs/",200,"https://www.stairwaymortgage.com/professional-advisors/","308:https://www.stairwaymortgage.com/legal-business-entrepreneurs/ -> 308:https://www.stairwaymortgage.com/professional-services/"
"/leverage-to-wealth-tracker/",404,"https://www.stairwaymortgage.com/leverage-to-wealth-tracker/",""
"/life-insurance-into-a-trust/",404,"https://www.stairwaymortgage.com/life-insurance-into-a-trust/",""
"/living-trust-setup-checklist/",404,"https://www.stairwaymortgage.com/living-trust-setup-checklist/",""
"/llc-s-corp-vs-llc-c-corp/",404,"https://www.stairwaymortgage.com/llc-s-corp-vs-llc-c-corp/",""
"/loan-calculator/1031-exchange-calculator/",200,"https://www.stairwaymortgage.com/loan-calculator/1031-exchange-calculator/",""
"/loan-calculator/1031-exchange/",404,"https://www.stairwaymortgage.com/loan-calculator/1031-exchange/",""
"/loan-calculator/1099-loan-cash-out-refinance/",200,"https://www.stairwaymortgage.com/loan-calculator/1099-loan-cash-out-refinance/",""
"/loan-calculator/1099-loan-refinance/",200,"https://www.stairwaymortgage.com/loan-calculator/1099-loan-refinance/",""
"/loan-calculator/1099-loan/",200,"https://www.stairwaymortgage.com/loan-calculator/1099-loan/",""
"/loan-calculator/15-vs-30-year-mortgage-rate-comparison/",200,"https://www.stairwaymortgage.com/loan-calculator/15-vs-30-year-mortgage-rate-comparison/",""
"/loan-calculator/50-30-20-budget-calculator/",200,"https://www.stairwaymortgage.com/loan-calculator/50-30-20-budget-calculator/",""
"/loan-calculator/amortization-calculator-with-extra-payments/",404,"https://www.stairwaymortgage.com/loan-calculator/amortization-calculator-with-extra-payments/",""
"/loan-calculator/anti-steering-disclosure/",200,"https://www.stairwaymortgage.com/loan-calculator/anti-steering-disclosure/",""
"/loan-calculator/asset-based-loan-cash-out-refinance-calculator/",200,"https://www.stairwaymortgage.com/loan-calculator/asset-based-loan-cash-out-refinance-calculator/",""
"/loan-calculator/asset-based-loan-cash-out-refinance/",404,"https://www.stairwaymortgage.com/loan-calculator/asset-based-loan-cash-out-refinance/",""
"/loan-calculator/asset-based-loan-refinance/",200,"https://www.stairwaymortgage.com/loan-calculator/asset-based-loan-refinance/",""
"/loan-calculator/asset-based-loan/",200,"https://www.stairwaymortgage.com/loan-calculator/asset-based-loan/",""
"/loan-calculator/bah-home-affordability-calculator/",200,"https://www.stairwaymortgage.com/loan-calculator/bah-home-affordability-calculator/",""
"/loan-calculator/bank-statement-loan-cash-out-refinance/",200,"https://www.stairwaymortgage.com/loan-calculator/bank-statement-loan-cash-out-refinance/",""
"/loan-calculator/bank-statement-loan-refinance/",200,"https://www.stairwaymortgage.com/loan-calculator/bank-statement-loan-refinance/",""
"/loan-calculator/bank-statement-loan/",200,"https://www.stairwaymortgage.com/loan-calculator/bank-statement-loan/",""
"/loan-calculator/bridge-loan/",200,"https://www.stairwaymortgage.com/loan-calculator/bridge-loan/",""
"/loan-calculator/bridge-loans-tax-savings-recasting/",404,"https://www.stairwaymortgage.com/loan-calculator/bridge-loans-tax-savings-recasting/",""
"/loan-calculator/brrrr-method/",200,"https://www.stairwaymortgage.com/loan-calculator/brrrr-method/",""
"/loan-calculator/build-to-rent/",200,"https://www.stairwaymortgage.com/loan-calculator/build-to-rent/",""
"/loan-calculator/build-to-sell-spec-home-calculator-acquire-build/",404,"https://www.stairwaymortgage.com/loan-calculator/build-to-sell-spec-home-calculator-acquire-build/",""
"/loan-calculator/build-to-sell-spec-home-calculator-preowned-tear-down/",404,"https://www.stairwaymortgage.com/loan-calculator/build-to-sell-spec-home-calculator-preowned-tear-down/",""
"/loan-calculator/build-to-sell/",200,"https://www.stairwaymortgage.com/loan-calculator/build-to-sell/",""
"/loan-calculator/buy-hold-real-estate-wealth-building/",404,"https://www.stairwaymortgage.com/loan-calculator/buy-hold-real-estate-wealth-building/",""
"/loan-calculator/cap-rate-calculator/",404,"https://www.stairwaymortgage.com/loan-calculator/cap-rate-calculator/",""
"/loan-calculator/capital-gains-calculator/",404,"https://www.stairwaymortgage.com/loan-calculator/capital-gains-calculator/",""
"/loan-calculator/closing-costs-calculator-for-buyer/",200,"https://www.stairwaymortgage.com/loan-calculator/closing-costs-calculator-for-buyer/",""
"/loan-calculator/college-costs-calculator/",200,"https://www.stairwaymortgage.com/loan-calculator/college-costs-calculator/",""
"/loan-calculator/college-housing-costs-vs-investment-property/",404,"https://www.stairwaymortgage.com/loan-calculator/college-housing-costs-vs-investment-property/",""
"/loan-calculator/compare-3-rate-payments-points-only/",200,"https://www.stairwaymortgage.com/loan-calculator/compare-3-rate-payments-points-only/",""
"/loan-calculator/compare-3-rate-payments-total-costs/",200,"https://www.stairwaymortgage.com/loan-calculator/compare-3-rate-payments-total-costs/",""
"/loan-calculator/compare-mortgage-rates-calculator/",200,"https://www.stairwaymortgage.com/loan-calculator/compare-mortgage-rates-calculator/",""
"/loan-calculator/condotel-loan-cash-out-refinance/",200,"https://www.stairwaymortgage.com/loan-calculator/condotel-loan-cash-out-refinance/",""
"/loan-calculator/condotel-loan-refinance/",200,"https://www.stairwaymortgage.com/loan-calculator/condotel-loan-refinance/",""
"/loan-calculator/condotel-loan/",200,"https://www.stairwaymortgage.com/loan-calculator/condotel-loan/",""
"/loan-calculator/construction-loan/",404,"https://www.stairwaymortgage.com/loan-calculator/construction-loan/",""
"/loan-calculator/construction-to-perm-loan/",404,"https://www.stairwaymortgage.com/loan-calculator/construction-to-perm-loan/",""
"/loan-calculator/conventional-cash-out-refinance/",404,"https://www.stairwaymortgage.com/loan-calculator/conventional-cash-out-refinance/",""
"/loan-calculator/conventional-construction-loan/",200,"https://www.stairwaymortgage.com/loan-calculator/conventional-construction-loan/",""
"/loan-calculator/conventional-loan-cash-out-refinance/",200,"https://www.stairwaymortgage.com/loan-calculator/conventional-loan-cash-out-refinance/",""
"/loan-calculator/conventional-loan-purchase/",404,"https://www.stairwaymortgage.com/loan-calculator/conventional-loan-purchase/",""
"/loan-calculator/conventional-loan-refinance/",200,"https://www.stairwaymortgage.com/loan-calculator/conventional-loan-refinance/",""
"/loan-calculator/conventional-loan/",200,"https://www.stairwaymortgage.com/loan-calculator/conventional-loan/",""
"/loan-calculator/conventional-new-construction-loan/",404,"https://www.stairwaymortgage.com/loan-calculator/conventional-new-construction-loan/",""
"/loan-calculator/conventional-refinance/",404,"https://www.stairwaymortgage.com/loan-calculator/conventional-refinance/",""
"/loan-calculator/debt-consolidation-calculator/",200,"https://www.stairwaymortgage.com/loan-calculator/debt-consolidation-calculator/",""
"/loan-calculator/debt-ratio-calculator/",200,"https://www.stairwaymortgage.com/loan-calculator/debt-ratio-calculator/",""
"/loan-calculator/debt-service-coverage-ratio-calculator/",200,"https://www.stairwaymortgage.com/loan-calculator/debt-service-coverage-ratio-calculator/",""
"/loan-calculator/down-payment-assistance/",200,"https://www.stairwaymortgage.com/loan-calculator/down-payment-assistance/",""
"/loan-calculator/dscr-cash-out-refinance-loan/",404,"https://www.stairwaymortgage.com/loan-calculator/dscr-cash-out-refinance-loan/",""
"/loan-calculator/dscr-loan-cash-out-refinance/",404,"https://www.stairwaymortgage.com/loan-calculator/dscr-loan-cash-out-refinance/",""
"/loan-calculator/dscr-loan-refinance/",200,"https://www.stairwaymortgage.com/loan-calculator/dscr-loan-refinance/",""
"/loan-calculator/dscr-loan/",200,"https://www.stairwaymortgage.com/loan-calculator/dscr-loan/",""
"/loan-calculator/dscr-purchase-loan/",404,"https://www.stairwaymortgage.com/loan-calculator/dscr-purchase-loan/",""
"/loan-calculator/dscr-refinance-loan/",404,"https://www.stairwaymortgage.com/loan-calculator/dscr-refinance-loan/",""
"/loan-calculator/estimate-mortgage-payment/",200,"https://www.stairwaymortgage.com/loan-calculator/estimate-mortgage-payment/",""
"/loan-calculator/fannie-mae-homestyle-purchase-loan/",404,"https://www.stairwaymortgage.com/loan-calculator/fannie-mae-homestyle-purchase-loan/",""
"/loan-calculator/fannie-mae-homestyle-renovation-refinance-loan/",404,"https://www.stairwaymortgage.com/loan-calculator/fannie-mae-homestyle-renovation-refinance-loan/",""
"/loan-calculator/fha-203k-loan-refinance/",200,"https://www.stairwaymortgage.com/loan-calculator/fha-203k-loan-refinance/",""
"/loan-calculator/fha-203k-loan/",200,"https://www.stairwaymortgage.com/loan-calculator/fha-203k-loan/",""
"/loan-calculator/fha-203k-renovation-loan-purchase/",404,"https://www.stairwaymortgage.com/loan-calculator/fha-203k-renovation-loan-purchase/",""
"/loan-calculator/fha-203k-renovation-refinance-loan/",404,"https://www.stairwaymortgage.com/loan-calculator/fha-203k-renovation-refinance-loan/",""
"/loan-calculator/fha-cash-out-refinance-loan/",404,"https://www.stairwaymortgage.com/loan-calculator/fha-cash-out-refinance-loan/",""
"/loan-calculator/fha-construction-loan/",200,"https://www.stairwaymortgage.com/loan-calculator/fha-construction-loan/",""
"/loan-calculator/fha-loan-cash-out-refinance/",200,"https://www.stairwaymortgage.com/loan-calculator/fha-loan-cash-out-refinance/",""
"/loan-calculator/fha-loan-multifamily/",200,"https://www.stairwaymortgage.com/loan-calculator/fha-loan-multifamily/",""
"/loan-calculator/fha-loan-refinance/",200,"https://www.stairwaymortgage.com/loan-calculator/fha-loan-refinance/",""
"/loan-calculator/fha-loan/",200,"https://www.stairwaymortgage.com/loan-calculator/fha-loan/",""
"/loan-calculator/fha-multiunit-purchase/",404,"https://www.stairwaymortgage.com/loan-calculator/fha-multiunit-purchase/",""
"/loan-calculator/fha-new-construction-loan-purchase/",404,"https://www.stairwaymortgage.com/loan-calculator/fha-new-construction-loan-purchase/",""
"/loan-calculator/fha-purchase-loan/",404,"https://www.stairwaymortgage.com/loan-calculator/fha-purchase-loan/",""
"/loan-calculator/fha-streamline-refinance-loan/",404,"https://www.stairwaymortgage.com/loan-calculator/fha-streamline-refinance-loan/",""
"/loan-calculator/fha-streamline-refinance/",200,"https://www.stairwaymortgage.com/loan-calculator/fha-streamline-refinance/",""
"/loan-calculator/fix-and-flip-loan/",200,"https://www.stairwaymortgage.com/loan-calculator/fix-and-flip-loan/",""
"/loan-calculator/fix-flip-loan/",404,"https://www.stairwaymortgage.com/loan-calculator/fix-flip-loan/",""
"/loan-calculator/flood-insurance-calculator/",200,"https://www.stairwaymortgage.com/loan-calculator/flood-insurance-calculator/",""
"/loan-calculator/foreign-national-loan-cash-out-refinance/",200,"https://www.stairwaymortgage.com/loan-calculator/foreign-national-loan-cash-out-refinance/",""
"/loan-calculator/foreign-national-loan-refinance/",200,"https://www.stairwaymortgage.com/loan-calculator/foreign-national-loan-refinance/",""
"/loan-calculator/foreign-national-loan/",200,"https://www.stairwaymortgage.com/loan-calculator/foreign-national-loan/",""
"/loan-calculator/hard-money-loan/",200,"https://www.stairwaymortgage.com/loan-calculator/hard-money-loan/",""
"/loan-calculator/heloc-loan-payment/",404,"https://www.stairwaymortgage.com/loan-calculator/heloc-loan-payment/",""
"/loan-calculator/heloc/",200,"https://www.stairwaymortgage.com/loan-calculator/heloc/",""
"/loan-calculator/home-affordability-calculator/",200,"https://www.stairwaymortgage.com/loan-calculator/home-affordability-calculator/",""
"/loan-calculator/home-equity-loan/",200,"https://www.stairwaymortgage.com/loan-calculator/home-equity-loan/",""
"/loan-calculator/home-improvement-loan/",200,"https://www.stairwaymortgage.com/loan-calculator/home-improvement-loan/",""
"/loan-calculator/homestyle-renovation-loan-refinance/",200,"https://www.stairwaymortgage.com/loan-calculator/homestyle-renovation-loan-refinance/",""
"/loan-calculator/homestyle-renovation-loan/",200,"https://www.stairwaymortgage.com/loan-calculator/homestyle-renovation-loan/",""
"/loan-calculator/house-insurance-cost-calculator/",200,"https://www.stairwaymortgage.com/loan-calculator/house-insurance-cost-calculator/",""
"/loan-calculator/how-to-calculate-my-net-worth/",200,"https://www.stairwaymortgage.com/loan-calculator/how-to-calculate-my-net-worth/",""
"/loan-calculator/how-to-use-the-brrrr-method/",404,"https://www.stairwaymortgage.com/loan-calculator/how-to-use-the-brrrr-method/",""
"/loan-calculator/interest-only-payment-calculator/",200,"https://www.stairwaymortgage.com/loan-calculator/interest-only-payment-calculator/",""
"/loan-calculator/investment-growth-calculator/",200,"https://www.stairwaymortgage.com/loan-calculator/investment-growth-calculator/",""
"/loan-calculator/investment-growth/",404,"https://www.stairwaymortgage.com/loan-calculator/investment-growth/",""
"/loan-calculator/itin-loan-cash-out-refinance/",200,"https://www.stairwaymortgage.com/loan-calculator/itin-loan-cash-out-refinance/",""
"/loan-calculator/itin-loan-refinance/",200,"https://www.stairwaymortgage.com/loan-calculator/itin-loan-refinance/",""
"/loan-calculator/itin-loan/",200,"https://www.stairwaymortgage.com/loan-calculator/itin-loan/",""
"/loan-calculator/jumbo-cash-out-refinance-loan/",404,"https://www.stairwaymortgage.com/loan-calculator/jumbo-cash-out-refinance-loan/",""
"/loan-calculator/jumbo-construction-and-land-acquisition/",404,"https://www.stairwaymortgage.com/loan-calculator/jumbo-construction-and-land-acquisition/",""
"/loan-calculator/jumbo-construction-loan-acquisition/",200,"https://www.stairwaymortgage.com/loan-calculator/jumbo-construction-loan-acquisition/",""
"/loan-calculator/jumbo-construction-loan/",200,"https://www.stairwaymortgage.com/loan-calculator/jumbo-construction-loan/",""
"/loan-calculator/jumbo-construction-to-perm-loan/",200,"https://www.stairwaymortgage.com/loan-calculator/jumbo-construction-to-perm-loan/",""
"/loan-calculator/jumbo-construction-to-permanent-loan/",404,"https://www.stairwaymortgage.com/loan-calculator/jumbo-construction-to-permanent-loan/",""
"/loan-calculator/jumbo-loan-cash-out-refinance/",200,"https://www.stairwaymortgage.com/loan-calculator/jumbo-loan-cash-out-refinance/",""
"/loan-calculator/jumbo-loan-purchase-renovation/",200,"https://www.stairwaymortgage.com/loan-calculator/jumbo-loan-purchase-renovation/",""
"/loan-calculator/jumbo-loan-refinance/",200,"https://www.stairwaymortgage.com/loan-calculator/jumbo-loan-refinance/",""
"/loan-calculator/jumbo-loan-renovation-refinance/",200,"https://www.stairwaymortgage.com/loan-calculator/jumbo-loan-renovation-refinance/",""
"/loan-calculator/jumbo-loan/",200,"https://www.stairwaymortgage.com/loan-calculator/jumbo-loan/",""
"/loan-calculator/jumbo-new-construction-loan/",404,"https://www.stairwaymortgage.com/loan-calculator/jumbo-new-construction-loan/",""
"/loan-calculator/jumbo-purchase-loan-payment/",404,"https://www.stairwaymortgage.com/loan-calculator/jumbo-purchase-loan-payment/",""
"/loan-calculator/jumbo-refinance-rate-reduction/",404,"https://www.stairwaymortgage.com/loan-calculator/jumbo-refinance-rate-reduction/",""
"/loan-calculator/jumbo-renovation-purchase-loan/",404,"https://www.stairwaymortgage.com/loan-calculator/jumbo-renovation-purchase-loan/",""
"/loan-calculator/jumbo-renovation-refinance-loan/",404,"https://www.stairwaymortgage.com/loan-calculator/jumbo-renovation-refinance-loan/",""
"/loan-calculator/legacy-impact-planner/",404,"https://www.stairwaymortgage.com/loan-calculator/legacy-impact-planner/",""
"/loan-calculator/legacy-planning-calculator/",200,"https://www.stairwaymortgage.com/loan-calculator/legacy-planning-calculator/",""
"/loan-calculator/military-tax-benefits-calculator/",200,"https://www.stairwaymortgage.com/loan-calculator/military-tax-benefits-calculator/",""
"/loan-calculator/mortgage-income-calculator/",200,"https://www.stairwaymortgage.com/loan-calculator/mortgage-income-calculator/",""
"/loan-calculator/mortgage-payoff-calculator-with-extra-payments/",200,"https://www.stairwaymortgage.com/loan-calculator/mortgage-payoff-calculator-with-extra-payments/",""
"/loan-calculator/multifamily-loan-calculator/",200,"https://www.stairwaymortgage.com/loan-calculator/multifamily-loan-calculator/",""
"/loan-calculator/my-spiritual-impact/",404,"https://www.stairwaymortgage.com/loan-calculator/my-spiritual-impact/",""
"/loan-calculator/net-proceeds-calculator/",200,"https://www.stairwaymortgage.com/loan-calculator/net-proceeds-calculator/",""
"/loan-calculator/no-doc-loan-cash-out-refinance/",200,"https://www.stairwaymortgage.com/loan-calculator/no-doc-loan-cash-out-refinance/",""
"/loan-calculator/no-doc-loan-refinance/",200,"https://www.stairwaymortgage.com/loan-calculator/no-doc-loan-refinance/",""
"/loan-calculator/no-doc-loan/",200,"https://www.stairwaymortgage.com/loan-calculator/no-doc-loan/",""
"/loan-calculator/non-warrantable-condo-loan-cash-out-refinance/",200,"https://www.stairwaymortgage.com/loan-calculator/non-warrantable-condo-loan-cash-out-refinance/",""
"/loan-calculator/non-warrantable-condo-loan-refinance/",200,"https://www.stairwaymortgage.com/loan-calculator/non-warrantable-condo-loan-refinance/",""
"/loan-calculator/non-warrantable-condo-loan/",200,"https://www.stairwaymortgage.com/loan-calculator/non-warrantable-condo-loan/",""
"/loan-calculator/p-and-l-loan-cash-out-refinance/",200,"https://www.stairwaymortgage.com/loan-calculator/p-and-l-loan-cash-out-refinance/",""
"/loan-calculator/p-and-l-loan-refinance/",200,"https://www.stairwaymortgage.com/loan-calculator/p-and-l-loan-refinance/",""
"/loan-calculator/p-and-l-loan/",200,"https://www.stairwaymortgage.com/loan-calculator/p-and-l-loan/",""
"/loan-calculator/passive-income-calculator/",200,"https://www.stairwaymortgage.com/loan-calculator/passive-income-calculator/",""
"/loan-calculator/passive-investment-return-calculator/",404,"https://www.stairwaymortgage.com/loan-calculator/passive-investment-return-calculator/",""
"/loan-calculator/portfolio-analyzers/",200,"https://www.stairwaymortgage.com/loan-calculator/portfolio-analyzers/",""
"/loan-calculator/property-management-cost-calculator/",200,"https://www.stairwaymortgage.com/loan-calculator/property-management-cost-calculator/",""
"/loan-calculator/property-value-estimator/",200,"https://www.stairwaymortgage.com/loan-calculator/property-value-estimator/",""
"/loan-calculator/rate-buy-down-calculator/",200,"https://www.stairwaymortgage.com/loan-calculator/rate-buy-down-calculator/",""
"/loan-calculator/renovation-estimator/",200,"https://www.stairwaymortgage.com/loan-calculator/renovation-estimator/",""
"/loan-calculator/rent-versus-buying-a-home-calculator/",200,"https://www.stairwaymortgage.com/loan-calculator/rent-versus-buying-a-home-calculator/",""
"/loan-calculator/rental-property-calculator/",200,"https://www.stairwaymortgage.com/loan-calculator/rental-property-calculator/",""
"/loan-calculator/reserves-calculation/",200,"https://www.stairwaymortgage.com/loan-calculator/reserves-calculation/",""
"/loan-calculator/resort-condo-loan-cash-out-refinance/",200,"https://www.stairwaymortgage.com/loan-calculator/resort-condo-loan-cash-out-refinance/",""
"/loan-calculator/resort-condo-loan-refinance/",200,"https://www.stairwaymortgage.com/loan-calculator/resort-condo-loan-refinance/",""
"/loan-calculator/resort-condo-loan/",200,"https://www.stairwaymortgage.com/loan-calculator/resort-condo-loan/",""
"/loan-calculator/reverse-mortgage-cash-out-refinance/",200,"https://www.stairwaymortgage.com/loan-calculator/reverse-mortgage-cash-out-refinance/",""
"/loan-calculator/reverse-mortgage-home-purchase-loan-calculator/",404,"https://www.stairwaymortgage.com/loan-calculator/reverse-mortgage-home-purchase-loan-calculator/",""
"/loan-calculator/reverse-mortgage-income-for-life-calculator/",404,"https://www.stairwaymortgage.com/loan-calculator/reverse-mortgage-income-for-life-calculator/",""
"/loan-calculator/reverse-mortgage-income/",200,"https://www.stairwaymortgage.com/loan-calculator/reverse-mortgage-income/",""
"/loan-calculator/reverse-mortgage-legacy-inheritance-estimator/",404,"https://www.stairwaymortgage.com/loan-calculator/reverse-mortgage-legacy-inheritance-estimator/",""
"/loan-calculator/reverse-mortgage-legacy/",200,"https://www.stairwaymortgage.com/loan-calculator/reverse-mortgage-legacy/",""
"/loan-calculator/reverse-mortgage-refinance/",404,"https://www.stairwaymortgage.com/loan-calculator/reverse-mortgage-refinance/",""
"/loan-calculator/reverse-mortgage/",200,"https://www.stairwaymortgage.com/loan-calculator/reverse-mortgage/",""
"/loan-calculator/section-184-loan-cash-out-refinance/",200,"https://www.stairwaymortgage.com/loan-calculator/section-184-loan-cash-out-refinance/",""
"/loan-calculator/section-184-loan-refinance/",200,"https://www.stairwaymortgage.com/loan-calculator/section-184-loan-refinance/",""
"/loan-calculator/section-184-loan/",200,"https://www.stairwaymortgage.com/loan-calculator/section-184-loan/",""
"/loan-calculator/side-hustle-income-calculator/",404,"https://www.stairwaymortgage.com/loan-calculator/side-hustle-income-calculator/",""
"/loan-calculator/spec-home-calculator-preowned-tear-down/",404,"https://www.stairwaymortgage.com/loan-calculator/spec-home-calculator-preowned-tear-down/",""
"/loan-calculator/spec-home-loan-acquisition-and-development/",200,"https://www.stairwaymortgage.com/loan-calculator/spec-home-loan-acquisition-and-development/",""
"/loan-calculator/spec-home-loan-preowned-teardown-calculator/",404,"https://www.stairwaymortgage.com/loan-calculator/spec-home-loan-preowned-teardown-calculator/",""
"/loan-calculator/spiritual-influence-calculator/",200,"https://www.stairwaymortgage.com/loan-calculator/spiritual-influence-calculator/",""
"/loan-calculator/telemarketing-revenue-calculator/",200,"https://www.stairwaymortgage.com/loan-calculator/telemarketing-revenue-calculator/",""
"/loan-calculator/total-loan-cost-calculator/",404,"https://www.stairwaymortgage.com/loan-calculator/total-loan-cost-calculator/",""
"/loan-calculator/usda-cash-out-refinance/",404,"https://www.stairwaymortgage.com/loan-calculator/usda-cash-out-refinance/",""
"/loan-calculator/usda-construction-loan/",200,"https://www.stairwaymortgage.com/loan-calculator/usda-construction-loan/",""
"/loan-calculator/usda-home-purchase-loan/",404,"https://www.stairwaymortgage.com/loan-calculator/usda-home-purchase-loan/",""
"/loan-calculator/usda-loan-cash-out-refinance/",200,"https://www.stairwaymortgage.com/loan-calculator/usda-loan-cash-out-refinance/",""
"/loan-calculator/usda-loan-refinance/",200,"https://www.stairwaymortgage.com/loan-calculator/usda-loan-refinance/",""
"/loan-calculator/usda-loan-renovation/",200,"https://www.stairwaymortgage.com/loan-calculator/usda-loan-renovation/",""
"/loan-calculator/usda-loan/",200,"https://www.stairwaymortgage.com/loan-calculator/usda-loan/",""
"/loan-calculator/usda-refinance-interest-rate-reduction/",404,"https://www.stairwaymortgage.com/loan-calculator/usda-refinance-interest-rate-reduction/",""
"/loan-calculator/va-cash-out-refinance/",404,"https://www.stairwaymortgage.com/loan-calculator/va-cash-out-refinance/",""
"/loan-calculator/va-construction-loan/",200,"https://www.stairwaymortgage.com/loan-calculator/va-construction-loan/",""
"/loan-calculator/va-entitlement/",404,"https://www.stairwaymortgage.com/loan-calculator/va-entitlement/",""
"/loan-calculator/va-high-balance-loan/",200,"https://www.stairwaymortgage.com/loan-calculator/va-high-balance-loan/",""
"/loan-calculator/va-high-balance-purchase-loan/",404,"https://www.stairwaymortgage.com/loan-calculator/va-high-balance-purchase-loan/",""
"/loan-calculator/va-irrrl-refinance/",404,"https://www.stairwaymortgage.com/loan-calculator/va-irrrl-refinance/",""
"/loan-calculator/va-irrrl/",200,"https://www.stairwaymortgage.com/loan-calculator/va-irrrl/",""
"/loan-calculator/va-loan-cash-out-refinance/",200,"https://www.stairwaymortgage.com/loan-calculator/va-loan-cash-out-refinance/",""
"/loan-calculator/va-loan-entitlement-calculator/",404,"https://www.stairwaymortgage.com/loan-calculator/va-loan-entitlement-calculator/",""
"/loan-calculator/va-loan-purchase-renovation/",200,"https://www.stairwaymortgage.com/loan-calculator/va-loan-purchase-renovation/",""
"/loan-calculator/va-loan-refinance-renovation/",200,"https://www.stairwaymortgage.com/loan-calculator/va-loan-refinance-renovation/",""
"/loan-calculator/va-loan/",200,"https://www.stairwaymortgage.com/loan-calculator/va-loan/",""
"/loan-calculator/va-new-construction-loan/",404,"https://www.stairwaymortgage.com/loan-calculator/va-new-construction-loan/",""
"/loan-calculator/va-purchase-loan-payment/",404,"https://www.stairwaymortgage.com/loan-calculator/va-purchase-loan-payment/",""
"/loan-calculator/va-renovation-purchase-loan/",404,"https://www.stairwaymortgage.com/loan-calculator/va-renovation-purchase-loan/",""
"/loan-calculator/va-renovation-refinance-loan/",404,"https://www.stairwaymortgage.com/loan-calculator/va-renovation-refinance-loan/",""
"/loan-calculators/",200,"https://www.stairwaymortgage.com/loan-calculators/",""
"/loan-programs/",200,"https://www.stairwaymortgage.com/loan-programs/",""
"/loan-programs/1099-loan/",200,"https://www.stairwaymortgage.com/loan-programs/1099-loan/",""
"/loan-programs/asset-based-loan/",200,"https://www.stairwaymortgage.com/loan-programs/asset-based-loan/",""
"/loan-programs/attorney-mortgage/",200,"https://www.stairwaymortgage.com/loan-programs/attorney-mortgage/",""
"/loan-programs/bank-statement-loan/",200,"https://www.stairwaymortgage.com/loan-programs/bank-statement-loan/",""
"/loan-programs/bridge-loan/",200,"https://www.stairwaymortgage.com/loan-programs/bridge-loan/",""
"/loan-programs/commercial-loan/",200,"https://www.stairwaymortgage.com/loan-programs/commercial-loan/",""
"/loan-programs/condotel-loan/",200,"https://www.stairwaymortgage.com/loan-programs/condotel-loan/",""
"/loan-programs/construction-loan/",200,"https://www.stairwaymortgage.com/loan-programs/construction-loan/",""
"/loan-programs/conventional-loan/",200,"https://www.stairwaymortgage.com/loan-programs/conventional-loan/",""
"/loan-programs/down-payment-assistance/",200,"https://www.stairwaymortgage.com/loan-programs/down-payment-assistance/",""
"/loan-programs/dscr-loan/",200,"https://www.stairwaymortgage.com/loan-programs/dscr-loan/",""
"/loan-programs/fha-203k-loan/",200,"https://www.stairwaymortgage.com/loan-programs/fha-203k-loan/",""
"/loan-programs/fha-construction-loan/",200,"https://www.stairwaymortgage.com/loan-programs/fha-construction-loan/",""
"/loan-programs/fha-loan/",200,"https://www.stairwaymortgage.com/loan-programs/fha-loan/",""
"/loan-programs/fha-streamline-refinance/",200,"https://www.stairwaymortgage.com/loan-programs/fha-streamline-refinance/",""
"/loan-programs/fix-and-flip-loan/",200,"https://www.stairwaymortgage.com/loan-programs/fix-and-flip-loan/",""
"/loan-programs/foreign-national-loan/",200,"https://www.stairwaymortgage.com/loan-programs/foreign-national-loan/",""
"/loan-programs/hard-money-loan/",200,"https://www.stairwaymortgage.com/loan-programs/hard-money-loan/",""
"/loan-programs/heloc/",200,"https://www.stairwaymortgage.com/loan-programs/heloc/",""
"/loan-programs/home-equity-loan/",200,"https://www.stairwaymortgage.com/loan-programs/home-equity-loan/",""
"/loan-programs/home-improvement-loan/",200,"https://www.stairwaymortgage.com/loan-programs/home-improvement-loan/",""
"/loan-programs/homestyle-renovation-loan/",200,"https://www.stairwaymortgage.com/loan-programs/homestyle-renovation-loan/",""
"/loan-programs/interest-only-loan/",200,"https://www.stairwaymortgage.com/loan-programs/interest-only-loan/",""
"/loan-programs/itin-loan/",200,"https://www.stairwaymortgage.com/loan-programs/itin-loan/",""
"/loan-programs/jumbo-construction-loan/",200,"https://www.stairwaymortgage.com/loan-programs/jumbo-construction-loan/",""
"/loan-programs/jumbo-loan/",200,"https://www.stairwaymortgage.com/loan-programs/jumbo-loan/",""
"/loan-programs/lot-loan/",200,"https://www.stairwaymortgage.com/loan-programs/lot-loan/",""
"/loan-programs/manufactured-home-financing-options/",200,"https://www.stairwaymortgage.com/loan-programs/manufactured-home-financing-options/",""
"/loan-programs/no-doc-loan/",200,"https://www.stairwaymortgage.com/loan-programs/no-doc-loan/",""
"/loan-programs/non-qm-loan/",200,"https://www.stairwaymortgage.com/loan-programs/non-qm-loan/",""
"/loan-programs/non-warrantable-condo-loan/",200,"https://www.stairwaymortgage.com/loan-programs/non-warrantable-condo-loan/",""
"/loan-programs/p-and-l-loan/",200,"https://www.stairwaymortgage.com/loan-programs/p-and-l-loan/",""
"/loan-programs/physician-mortgage-loans/",200,"https://www.stairwaymortgage.com/loan-programs/physician-mortgage-loans/",""
"/loan-programs/portfolio-loan/",200,"https://www.stairwaymortgage.com/loan-programs/portfolio-loan/",""
"/loan-programs/resort-condo-loan/",200,"https://www.stairwaymortgage.com/loan-programs/resort-condo-loan/",""
"/loan-programs/reverse-mortgage/",200,"https://www.stairwaymortgage.com/loan-programs/reverse-mortgage/",""
"/loan-programs/section-184-loan/",200,"https://www.stairwaymortgage.com/loan-programs/section-184-loan/",""
"/loan-programs/stated-income-loan/",200,"https://www.stairwaymortgage.com/loan-programs/stated-income-loan/",""
"/loan-programs/teacher-mortgage/",200,"https://www.stairwaymortgage.com/loan-programs/teacher-mortgage/",""
"/loan-programs/usda-construction-loan/",200,"https://www.stairwaymortgage.com/loan-programs/usda-construction-loan/",""
"/loan-programs/usda-loan/",200,"https://www.stairwaymortgage.com/loan-programs/usda-loan/",""
"/loan-programs/va-construction-loan/",200,"https://www.stairwaymortgage.com/loan-programs/va-construction-loan/",""
"/loan-programs/va-irrrl/",200,"https://www.stairwaymortgage.com/loan-programs/va-irrrl/",""
"/loan-programs/va-loan/",200,"https://www.stairwaymortgage.com/loan-programs/va-loan/",""
"/long-term-care-financing/",404,"https://www.stairwaymortgage.com/long-term-care-financing/",""
"/long-term-rental-vs-short-term-rental/",404,"https://www.stairwaymortgage.com/long-term-rental-vs-short-term-rental/",""
"/low-down-payment-cheat-sheet/",404,"https://www.stairwaymortgage.com/low-down-payment-cheat-sheet/",""
"/market-cycles/",404,"https://www.stairwaymortgage.com/market-cycles/",""
"/master-lead-form-2/",404,"https://www.stairwaymortgage.com/master-lead-form-2/",""
"/master-lead-form/",404,"https://www.stairwaymortgage.com/master-lead-form/",""
"/meaning-of-residuary-estate/",404,"https://www.stairwaymortgage.com/meaning-of-residuary-estate/",""
"/medical-professionals/",200,"https://www.stairwaymortgage.com/medical-professionals/",""
"/menu/",200,"https://www.stairwaymortgage.com/","308:https://www.stairwaymortgage.com/menu/"
"/miami-fort-lauderdale-jim-blackburn/",404,"https://www.stairwaymortgage.com/miami-fort-lauderdale-jim-blackburn/",""
"/miami-jim-blackburn/",404,"https://www.stairwaymortgage.com/miami-jim-blackburn/",""
"/mortgage-application-101/",404,"https://www.stairwaymortgage.com/mortgage-application-101/",""
"/mortgage-broker-fees/",404,"https://www.stairwaymortgage.com/mortgage-broker-fees/",""
"/mortgage-broker-vs-lender/",404,"https://www.stairwaymortgage.com/mortgage-broker-vs-lender/",""
"/mortgage-credit-boosting-toolkit/",404,"https://www.stairwaymortgage.com/mortgage-credit-boosting-toolkit/",""
"/mortgage-estimator-florida/",404,"https://www.stairwaymortgage.com/mortgage-estimator-florida/",""
"/mortgage-myths-debunked-guide/",404,"https://www.stairwaymortgage.com/mortgage-myths-debunked-guide/",""
"/mortgage-pre-approval/",404,"https://www.stairwaymortgage.com/mortgage-pre-approval/",""
"/mortgage-preapproval/",403,"https://stairwaymortgage.my1003app.com/","308:https://www.stairwaymortgage.com/mortgage-preapproval/"
"/mortgage-protection-insurance/",404,"https://www.stairwaymortgage.com/mortgage-protection-insurance/",""
"/mortgage-rate-shopping-broker-vs-banker/",404,"https://www.stairwaymortgage.com/mortgage-rate-shopping-broker-vs-banker/",""
"/mortgage-recast/",404,"https://www.stairwaymortgage.com/mortgage-recast/",""
"/moving-out-of-state/",404,"https://www.stairwaymortgage.com/moving-out-of-state/",""
"/multifamily-market-analysis/",404,"https://www.stairwaymortgage.com/multifamily-market-analysis/",""
"/multifamily-real-estate-investing/",404,"https://www.stairwaymortgage.com/multifamily-real-estate-investing/",""
"/negotiating-real-estate-commission/",404,"https://www.stairwaymortgage.com/negotiating-real-estate-commission/",""
"/new-construction-vs-existing-home/",404,"https://www.stairwaymortgage.com/new-construction-vs-existing-home/",""
"/new-construction-vs/",404,"https://www.stairwaymortgage.com/new-construction-vs/",""
"/nexa-mortgage-nexa-lending/",404,"https://www.stairwaymortgage.com/nexa-mortgage-nexa-lending/",""
"/nexa-mortgage-partnership/",200,"https://www.stairwaymortgage.com/nexa-mortgage-partnership/",""
"/now-a-direct-lender/",404,"https://www.stairwaymortgage.com/now-a-direct-lender/",""
"/nurse-anesthetist-mortgage/",200,"https://www.stairwaymortgage.com/medical-professionals/","308:https://www.stairwaymortgage.com/nurse-anesthetist-mortgage/"
"/opportunity-zone-funds/",404,"https://www.stairwaymortgage.com/opportunity-zone-funds/",""
"/oregon-privacy/",200,"https://www.stairwaymortgage.com/oregon-privacy/",""
"/osteopathic-physician-mortgage/",200,"https://www.stairwaymortgage.com/medical-professionals/physician/","308:https://www.stairwaymortgage.com/osteopathic-physician-mortgage/"
"/partnering-in-real-estate/",404,"https://www.stairwaymortgage.com/partnering-in-real-estate/",""
"/partners/",200,"https://www.stairwaymortgage.com/realtors/","308:https://www.stairwaymortgage.com/partners/"
"/passive-activity-loss-limitations/",404,"https://www.stairwaymortgage.com/passive-activity-loss-limitations/",""
"/passive-income-investments/",404,"https://www.stairwaymortgage.com/passive-income-investments/",""
"/passive-investor-email-verification/",200,"https://www.stairwaymortgage.com/","308:https://www.stairwaymortgage.com/passive-investor-email-verification/"
"/passive-investor-quiz/",200,"https://www.stairwaymortgage.com/discovery-quiz/","308:https://www.stairwaymortgage.com/passive-investor-quiz/"
"/passive-investors-journey/",200,"https://www.stairwaymortgage.com/the-8-steps/passive-investor/","308:https://www.stairwaymortgage.com/passive-investors-journey/"
"/passive-portfolio-management/",404,"https://www.stairwaymortgage.com/passive-portfolio-management/",""
"/pay-off-mortgage-early/",404,"https://www.stairwaymortgage.com/pay-off-mortgage-early/",""
"/pharma-medical-sales-professional/",200,"https://www.stairwaymortgage.com/sales-professionals/","308:https://www.stairwaymortgage.com/pharma-medical-sales-professional/"
"/pharmacist-mortgage/",200,"https://www.stairwaymortgage.com/medical-professionals/pharmacist/","308:https://www.stairwaymortgage.com/pharmacist-mortgage/"
"/physician-mortgage/",200,"https://www.stairwaymortgage.com/loan-programs/physician-mortgage-loans/","308:https://www.stairwaymortgage.com/physician-mortgage/"
"/please-confirm-info/",200,"https://www.stairwaymortgage.com/","308:https://www.stairwaymortgage.com/please-confirm-info/"
"/podiatrist-mortgage/",200,"https://www.stairwaymortgage.com/medical-professionals/","308:https://www.stairwaymortgage.com/podiatrist-mortgage/"
"/portfolio-and-diversification/",404,"https://www.stairwaymortgage.com/portfolio-and-diversification/",""
"/portfolio-lending-real-estate-loans/",404,"https://www.stairwaymortgage.com/portfolio-lending-real-estate-loans/",""
"/potential-seller-email-verification/",200,"https://www.stairwaymortgage.com/","308:https://www.stairwaymortgage.com/potential-seller-email-verification/"
"/pre-qualified-vs-preapproved/",404,"https://www.stairwaymortgage.com/pre-qualified-vs-preapproved/",""
"/privacy/",200,"https://www.stairwaymortgage.com/privacy/",""
"/private-home-search/",200,"https://www.stairwaymortgage.com/private-home-search/",""
"/private-placement-life-insurance/",404,"https://www.stairwaymortgage.com/private-placement-life-insurance/",""
"/professions/",404,"https://www.stairwaymortgage.com/professions/",""
"/property-deals/33064-fl-zyxwvutsrqponml/",200,"https://www.stairwaymortgage.com/","308:https://www.stairwaymortgage.com/property-deals/33064-fl-zyxwvutsrqponml/"
"/property-deals/email-verif-33064-fl-zyxwvutsrqponml/",200,"https://www.stairwaymortgage.com/","308:https://www.stairwaymortgage.com/property-deals/email-verif-33064-fl-zyxwvutsrqponml/"
"/property-management-checklist/",404,"https://www.stairwaymortgage.com/property-management-checklist/",""
"/property-management-cost/",404,"https://www.stairwaymortgage.com/property-management-cost/",""
"/property-management-for-landlords/",404,"https://www.stairwaymortgage.com/property-management-for-landlords/",""
"/public-sector-leaders/",200,"https://www.stairwaymortgage.com/","308:https://www.stairwaymortgage.com/public-sector-leaders/"
"/purchase-inquiry/",200,"https://www.stairwaymortgage.com/purchase-inquiry/",""
"/purchase-process-guidance/",404,"https://www.stairwaymortgage.com/purchase-process-guidance/",""
"/qualified-personal-residence-trust/",404,"https://www.stairwaymortgage.com/qualified-personal-residence-trust/",""
"/real-estate-appreciation/",404,"https://www.stairwaymortgage.com/real-estate-appreciation/",""
"/real-estate-due-diligence-checklist/",404,"https://www.stairwaymortgage.com/real-estate-due-diligence-checklist/",""
"/real-estate-investing-for-beginners/",404,"https://www.stairwaymortgage.com/real-estate-investing-for-beginners/",""
"/real-estate-investment-strategies/",404,"https://www.stairwaymortgage.com/real-estate-investment-strategies/",""
"/real-estate-syndication-attorney/",404,"https://www.stairwaymortgage.com/real-estate-syndication-attorney/",""
"/real-estate-syndication/",404,"https://www.stairwaymortgage.com/real-estate-syndication/",""
"/real-estate-tax-strategies/",404,"https://www.stairwaymortgage.com/real-estate-tax-strategies/",""
"/real-estate-team/",404,"https://www.stairwaymortgage.com/real-estate-team/",""
"/real-estate-terminology/",404,"https://www.stairwaymortgage.com/real-estate-terminology/",""
"/real-estate-vision-board/",404,"https://www.stairwaymortgage.com/real-estate-vision-board/",""
"/realtors-wholesalers/",200,"https://www.stairwaymortgage.com/realtors-wholesalers/",""
"/refi-today-build-wealth-for-tomorrow/",404,"https://www.stairwaymortgage.com/refi-today-build-wealth-for-tomorrow/",""
"/refinance-or-heloc-inquiry/",200,"https://www.stairwaymortgage.com/refinance-or-heloc-inquiry/",""
"/refinance-or-heloc-journey/",200,"https://www.stairwaymortgage.com/refinance-or-heloc-journey/",""
"/refinance-savings/",404,"https://www.stairwaymortgage.com/refinance-savings/",""
"/reits-that-pay-a-monthly-dividend/",404,"https://www.stairwaymortgage.com/reits-that-pay-a-monthly-dividend/",""
"/renovate-a-house-journey/",200,"https://www.stairwaymortgage.com/renovate-a-house-journey/",""
"/renovate-a-house/",404,"https://www.stairwaymortgage.com/renovate-a-house/",""
"/rent-a-home-journey/",404,"https://www.stairwaymortgage.com/rent-a-home-journey/",""
"/rent-out-my-house/",404,"https://www.stairwaymortgage.com/rent-out-my-house/",""
"/rent-vs-buy-calculator/",404,"https://www.stairwaymortgage.com/rent-vs-buy-calculator/",""
"/resident-physician-mortgage/",200,"https://www.stairwaymortgage.com/medical-professionals/","308:https://www.stairwaymortgage.com/resident-physician-mortgage/"
"/retirement-income-planning/",404,"https://www.stairwaymortgage.com/retirement-income-planning/",""
"/reverse-mortgage-college-planning/",404,"https://www.stairwaymortgage.com/reverse-mortgage-college-planning/",""
"/reverse-mortgage-death/",404,"https://www.stairwaymortgage.com/reverse-mortgage-death/",""
"/reverse-mortgage-inquiry/",200,"https://www.stairwaymortgage.com/reverse-mortgage-inquiry/",""
"/reverse-mortgage-journey/",200,"https://www.stairwaymortgage.com/reverse-mortgage-journey/",""
"/reverse-mortgage-pitfalls/",404,"https://www.stairwaymortgage.com/reverse-mortgage-pitfalls/",""
"/reverse-mortgage-pros-and-cons/",404,"https://www.stairwaymortgage.com/reverse-mortgage-pros-and-cons/",""
"/reverse-mortgage-pros-cons/",404,"https://www.stairwaymortgage.com/reverse-mortgage-pros-cons/",""
"/reverse-mortgage-purchase/",404,"https://www.stairwaymortgage.com/reverse-mortgage-purchase/",""
"/reverse-mortgage-qualification-requirements/",404,"https://www.stairwaymortgage.com/reverse-mortgage-qualification-requirements/",""
"/reverse-mortgage-vs-heloc/",404,"https://www.stairwaymortgage.com/reverse-mortgage-vs-heloc/",""
"/reverse-mortgages-charitable-giving-a-new-way-to-leave-a-legacy/",404,"https://www.stairwaymortgage.com/reverse-mortgages-charitable-giving-a-new-way-to-leave-a-legacy/",""
"/reverse-mortgages-for-real-estate-agents-protect-listings-serve-better/",404,"https://www.stairwaymortgage.com/reverse-mortgages-for-real-estate-agents-protect-listings-serve-better/",""
"/reverse-mortgages-in-financial-planning-what-every-advisor-must-know/",404,"https://www.stairwaymortgage.com/reverse-mortgages-in-financial-planning-what-every-advisor-must-know/",""
"/reverse-mortgages-in-financial-planning-what-every-advisor-should-know/",404,"https://www.stairwaymortgage.com/reverse-mortgages-in-financial-planning-what-every-advisor-should-know/",""
"/reverse-mortgages-retirement-stretching-income-without-selling/",404,"https://www.stairwaymortgage.com/reverse-mortgages-retirement-stretching-income-without-selling/",""
"/same-day-approval/",200,"https://www.stairwaymortgage.com/same-day-approval/",""
"/scaling-with-brrrr-strategy/",404,"https://www.stairwaymortgage.com/scaling-with-brrrr-strategy/",""
"/schedule-call/",200,"https://www.stairwaymortgage.com/schedule-call/",""
"/secure-upload/",200,"https://www.stairwaymortgage.com/","308:https://www.stairwaymortgage.com/secure-upload/"
"/self-directed-ira-real-estate/",404,"https://www.stairwaymortgage.com/self-directed-ira-real-estate/",""
"/self-employed-mortgage/",404,"https://www.stairwaymortgage.com/self-employed-mortgage/",""
"/sell-a-house-journey/",200,"https://www.stairwaymortgage.com/sell-a-house-journey/",""
"/sell-a-house/",404,"https://www.stairwaymortgage.com/sell-a-house/",""
"/sell-a-house2/",404,"https://www.stairwaymortgage.com/sell-a-house2/",""
"/seller-quiz/",200,"https://www.stairwaymortgage.com/discovery-quiz/","308:https://www.stairwaymortgage.com/seller-quiz/"
"/selling-a-house/",404,"https://www.stairwaymortgage.com/selling-a-house/",""
"/selling-home/",404,"https://www.stairwaymortgage.com/selling-home/",""
"/senior-homeowner-email-verification/",200,"https://www.stairwaymortgage.com/","308:https://www.stairwaymortgage.com/senior-homeowner-email-verification/"
"/senior-homeowner-quiz/",200,"https://www.stairwaymortgage.com/discovery-quiz/","308:https://www.stairwaymortgage.com/senior-homeowner-quiz/"
"/senior-homeowners-55-journey/",200,"https://www.stairwaymortgage.com/senior-homeowners-55-journey/",""
"/senior-property-tax-exemption/",404,"https://www.stairwaymortgage.com/senior-property-tax-exemption/",""
"/sfr-vs-multifamily-matchmaker-quiz/",404,"https://www.stairwaymortgage.com/sfr-vs-multifamily-matchmaker-quiz/",""
"/side-hustles-to-make-money/",404,"https://www.stairwaymortgage.com/side-hustles-to-make-money/",""
"/smart-college-planning-journey/",404,"https://www.stairwaymortgage.com/smart-college-planning-journey/",""
"/smart-steward-email-verification/",200,"https://www.stairwaymortgage.com/","308:https://www.stairwaymortgage.com/smart-steward-email-verification/"
"/smart-steward-quiz/",200,"https://www.stairwaymortgage.com/discovery-quiz/","308:https://www.stairwaymortgage.com/smart-steward-quiz/"
"/smart-stewards-journey/",200,"https://www.stairwaymortgage.com/the-8-steps/smart-stewards/","308:https://www.stairwaymortgage.com/smart-stewards-journey/"
"/smart-student-quiz/",404,"https://www.stairwaymortgage.com/smart-student-quiz/",""
"/special-financing/",404,"https://www.stairwaymortgage.com/special-financing/",""
"/spin-to-win/",200,"https://www.stairwaymortgage.com/spin-the-wheel/","308:https://www.stairwaymortgage.com/spin-to-win/"
"/stairway-process/",404,"https://www.stairwaymortgage.com/stairway-process/",""
"/state-licensing/",200,"https://www.stairwaymortgage.com/state-licensing/",""
"/states-without-estate-taxes/",404,"https://www.stairwaymortgage.com/states-without-estate-taxes/",""
"/step-up-in-basis-explainer/",404,"https://www.stairwaymortgage.com/step-up-in-basis-explainer/",""
"/strategic-financier-quiz/",200,"https://www.stairwaymortgage.com/discovery-quiz/","308:https://www.stairwaymortgage.com/strategic-financier-quiz/"
"/syndication-of-real-estate/",404,"https://www.stairwaymortgage.com/syndication-of-real-estate/",""
"/tax-benefits-of-rental-property/",404,"https://www.stairwaymortgage.com/tax-benefits-of-rental-property/",""
"/tax-break-for-buying-a-house/",404,"https://www.stairwaymortgage.com/tax-break-for-buying-a-house/",""
"/term-life-mortgage-protection-planner/",404,"https://www.stairwaymortgage.com/term-life-mortgage-protection-planner/",""
"/terms/",200,"https://www.stairwaymortgage.com/terms/",""
"/texas-disclosure/",200,"https://www.stairwaymortgage.com/texas-disclosure/",""
"/thank-you-for-playing/",200,"https://www.stairwaymortgage.com/","308:https://www.stairwaymortgage.com/thank-you-for-playing/"
"/thank-you-for-scheduling/",200,"https://www.stairwaymortgage.com/","308:https://www.stairwaymortgage.com/thank-you-for-scheduling/"
"/the-5-biggest-mistakes-seniors-make-with-reverse-mortgages/",404,"https://www.stairwaymortgage.com/the-5-biggest-mistakes-seniors-make-with-reverse-mortgages/",""
"/the-art-of-the-follow-up-email-verification/",200,"https://www.stairwaymortgage.com/","308:https://www.stairwaymortgage.com/the-art-of-the-follow-up-email-verification/"
"/the-great-wealth-transfer/",404,"https://www.stairwaymortgage.com/the-great-wealth-transfer/",""
"/things-you-need-for-a-new-home-first-time-buyer-essentials/",404,"https://www.stairwaymortgage.com/things-you-need-for-a-new-home-first-time-buyer-essentials/",""
"/things-you-need-for-a-new-home/",404,"https://www.stairwaymortgage.com/things-you-need-for-a-new-home/",""
"/top-5-reasons-mortgage-broker-vs-bank/",404,"https://www.stairwaymortgage.com/top-5-reasons-mortgage-broker-vs-bank/",""
"/true-cost-of-homeownership/",404,"https://www.stairwaymortgage.com/true-cost-of-homeownership/",""
"/types-of-home-mortgage-loans/",404,"https://www.stairwaymortgage.com/types-of-home-mortgage-loans/",""
"/types-of-investment-properties/",404,"https://www.stairwaymortgage.com/types-of-investment-properties/",""
"/types-of-loans-for-flipping-houses/",404,"https://www.stairwaymortgage.com/types-of-loans-for-flipping-houses/",""
"/veterinarian-mortgage/",200,"https://www.stairwaymortgage.com/medical-professionals/veterinarian/","308:https://www.stairwaymortgage.com/veterinarian-mortgage/"
"/vision-board-examples/",404,"https://www.stairwaymortgage.com/vision-board-examples/",""
"/welcome-can-we-help-you-refinance-smarter-copy-2/",404,"https://www.stairwaymortgage.com/welcome-can-we-help-you-refinance-smarter-copy-2/",""
"/welcome-can-we-help-you-refinance-smarter-copy/",404,"https://www.stairwaymortgage.com/welcome-can-we-help-you-refinance-smarter-copy/",""
"/what-are-closing-costs-when-buying-a-home/",404,"https://www.stairwaymortgage.com/what-are-closing-costs-when-buying-a-home/",""
"/what-are-contingencies-in-a-real-estate-contract/",404,"https://www.stairwaymortgage.com/what-are-contingencies-in-a-real-estate-contract/",""
"/what-are-property-taxes-and-how-are-they-calculated/",404,"https://www.stairwaymortgage.com/what-are-property-taxes-and-how-are-they-calculated/",""
"/what-are-the-different-types-of-homes-you-can-buy/",404,"https://www.stairwaymortgage.com/what-are-the-different-types-of-homes-you-can-buy/",""
"/what-docs-do-i-need-to-refinance/",404,"https://www.stairwaymortgage.com/what-docs-do-i-need-to-refinance/",""
"/what-documents-do-i-need-for-a-mortgage/",404,"https://www.stairwaymortgage.com/what-documents-do-i-need-for-a-mortgage/",""
"/what-happens-after-my-offer-is-accepted/",404,"https://www.stairwaymortgage.com/what-happens-after-my-offer-is-accepted/",""
"/what-happens-to-a-reverse-mortgage-when-you-pass-away/",404,"https://www.stairwaymortgage.com/what-happens-to-a-reverse-mortgage-when-you-pass-away/",""
"/what-is-a-backup-offer/",404,"https://www.stairwaymortgage.com/what-is-a-backup-offer/",""
"/what-is-a-balloon-mortgage-and-how-does-it-work/",404,"https://www.stairwaymortgage.com/what-is-a-balloon-mortgage-and-how-does-it-work/",""
"/what-is-a-bridge-loan-and-when-might-i-need-one/",404,"https://www.stairwaymortgage.com/what-is-a-bridge-loan-and-when-might-i-need-one/",""
"/what-is-a-closing-disclosure-and-why-is-it-important/",404,"https://www.stairwaymortgage.com/what-is-a-closing-disclosure-and-why-is-it-important/",""
"/what-is-a-co-signer-and-when-might-i-need-one/",404,"https://www.stairwaymortgage.com/what-is-a-co-signer-and-when-might-i-need-one/",""
"/what-is-a-contingency-offer-and-how-does-it-work/",404,"https://www.stairwaymortgage.com/what-is-a-contingency-offer-and-how-does-it-work/",""
"/what-is-a-deed-and-why-is-it-important/",404,"https://www.stairwaymortgage.com/what-is-a-deed-and-why-is-it-important/",""
"/what-is-a-deed-in-lieu-of-foreclosure/",404,"https://www.stairwaymortgage.com/what-is-a-deed-in-lieu-of-foreclosure/",""
"/what-is-a-final-walk-through-and-why-is-it-important/",404,"https://www.stairwaymortgage.com/what-is-a-final-walk-through-and-why-is-it-important/",""
"/what-is-a-heloc-and-how-is-it-different-from-a-home-equity-loan/",404,"https://www.stairwaymortgage.com/what-is-a-heloc-and-how-is-it-different-from-a-home-equity-loan/",""
"/what-is-a-home-appraisal-and-why-do-i-need-one/",404,"https://www.stairwaymortgage.com/what-is-a-home-appraisal-and-why-do-i-need-one/",""
"/what-is-a-home-equity-loan-and-how-does-it-work/",404,"https://www.stairwaymortgage.com/what-is-a-home-equity-loan-and-how-does-it-work/",""
"/what-is-a-home-inspection-and-why-does-it-matter/",404,"https://www.stairwaymortgage.com/what-is-a-home-inspection-and-why-does-it-matter/",""
"/what-is-a-home-warranty-and-do-i-really-need-one/",404,"https://www.stairwaymortgage.com/what-is-a-home-warranty-and-do-i-really-need-one/",""
"/what-is-a-home-warranty-and-should-i-get-one/",404,"https://www.stairwaymortgage.com/what-is-a-home-warranty-and-should-i-get-one/",""
"/what-is-a-jumbo-loan-and-do-i-need-one/",404,"https://www.stairwaymortgage.com/what-is-a-jumbo-loan-and-do-i-need-one/",""
"/what-is-a-mortgage-rate-lock-and-why-does-it-matter/",404,"https://www.stairwaymortgage.com/what-is-a-mortgage-rate-lock-and-why-does-it-matter/",""
"/what-is-a-reverse-mortgage-and-is-it-right-for-you-copy/",404,"https://www.stairwaymortgage.com/what-is-a-reverse-mortgage-and-is-it-right-for-you-copy/",""
"/what-is-a-reverse-mortgage-and-is-it-right-for-you/",404,"https://www.stairwaymortgage.com/what-is-a-reverse-mortgage-and-is-it-right-for-you/",""
"/what-is-a-short-sale-and-how-does-it-differ-from-a-foreclosure/",404,"https://www.stairwaymortgage.com/what-is-a-short-sale-and-how-does-it-differ-from-a-foreclosure/",""
"/what-is-a-title-commitment-and-why-do-i-need-one/",404,"https://www.stairwaymortgage.com/what-is-a-title-commitment-and-why-do-i-need-one/",""
"/what-is-a-title-search-and-why-is-it-important/",404,"https://www.stairwaymortgage.com/what-is-a-title-search-and-why-is-it-important/",""
"/what-is-a-va-loan-and-who-qualifies-for-it/",404,"https://www.stairwaymortgage.com/what-is-a-va-loan-and-who-qualifies-for-it/",""
"/what-is-an-adjustable-rate-mortgage-arm-and-how-does-it-work/",404,"https://www.stairwaymortgage.com/what-is-an-adjustable-rate-mortgage-arm-and-how-does-it-work/",""
"/what-is-an-amortization-schedule-and-how-do-i-read-it/",404,"https://www.stairwaymortgage.com/what-is-an-amortization-schedule-and-how-do-i-read-it/",""
"/what-is-an-assumable-mortgage/",404,"https://www.stairwaymortgage.com/what-is-an-assumable-mortgage/",""
"/what-is-an-easement-and-how-does-it-affect-property-ownership/",404,"https://www.stairwaymortgage.com/what-is-an-easement-and-how-does-it-affect-property-ownership/",""
"/what-is-an-escrow-account-in-a-mortgage/",404,"https://www.stairwaymortgage.com/what-is-an-escrow-account-in-a-mortgage/",""
"/what-is-an-hoa-and-what-should-first-time-buyers-know/",404,"https://www.stairwaymortgage.com/what-is-an-hoa-and-what-should-first-time-buyers-know/",""
"/what-is-an-hoa-special-assessment/",404,"https://www.stairwaymortgage.com/what-is-an-hoa-special-assessment/",""
"/what-is-debt-to-income-ratio-and-why-does-it-matter/",404,"https://www.stairwaymortgage.com/what-is-debt-to-income-ratio-and-why-does-it-matter/",""
"/what-is-dual-agency-and-should-i-avoid-it/",404,"https://www.stairwaymortgage.com/what-is-dual-agency-and-should-i-avoid-it/",""
"/what-is-earnest-money-and-how-does-it-work/",404,"https://www.stairwaymortgage.com/what-is-earnest-money-and-how-does-it-work/",""
"/what-is-earnest-money-in-real-estate/",404,"https://www.stairwaymortgage.com/what-is-earnest-money-in-real-estate/",""
"/what-is-foreclosure-and-what-should-i-know-about-it/",404,"https://www.stairwaymortgage.com/what-is-foreclosure-and-what-should-i-know-about-it/",""
"/what-is-homeowners-insurance-and-do-i-really-need-it/",404,"https://www.stairwaymortgage.com/what-is-homeowners-insurance-and-do-i-really-need-it/",""
"/what-is-house-hacking-and-how-can-it-benefit-me/",404,"https://www.stairwaymortgage.com/what-is-house-hacking-and-how-can-it-benefit-me/",""
"/what-is-my-home-worth/",404,"https://www.stairwaymortgage.com/what-is-my-home-worth/",""
"/what-is-pmi-and-do-i-need-it/",404,"https://www.stairwaymortgage.com/what-is-pmi-and-do-i-need-it/",""
"/what-is-pmi/",404,"https://www.stairwaymortgage.com/what-is-pmi/",""
"/what-is-private-mortgage-insurance-pmi-and-how-can-i-avoid-it/",404,"https://www.stairwaymortgage.com/what-is-private-mortgage-insurance-pmi-and-how-can-i-avoid-it/",""
"/what-is-the-difference-between-a-deed-and-a-title/",404,"https://www.stairwaymortgage.com/what-is-the-difference-between-a-deed-and-a-title/",""
"/what-is-the-difference-between-a-mortgage-broker-and-a-mortgage-lender/",404,"https://www.stairwaymortgage.com/what-is-the-difference-between-a-mortgage-broker-and-a-mortgage-lender/",""
"/what-is-the-difference-between-a-pre-qualification-and-a-pre-approval/",404,"https://www.stairwaymortgage.com/what-is-the-difference-between-a-pre-qualification-and-a-pre-approval/",""
"/what-is-the-difference-between-an-fha-loan-and-a-conventional-loan/",404,"https://www.stairwaymortgage.com/what-is-the-difference-between-an-fha-loan-and-a-conventional-loan/",""
"/what-is-title-insurance-and-why-is-it-important/",404,"https://www.stairwaymortgage.com/what-is-title-insurance-and-why-is-it-important/",""
"/what-should-i-do-if-the-appraisal-comes-in-low/",404,"https://www.stairwaymortgage.com/what-should-i-do-if-the-appraisal-comes-in-low/",""
"/what-should-i-know-about-buying-a-fixer-upper/",404,"https://www.stairwaymortgage.com/what-should-i-know-about-buying-a-fixer-upper/",""
"/what-should-i-know-about-buying-a-home-in-a-flood-zone/",404,"https://www.stairwaymortgage.com/what-should-i-know-about-buying-a-home-in-a-flood-zone/",""
"/what-should-i-know-about-buying-a-home-in-a-historic-district/",404,"https://www.stairwaymortgage.com/what-should-i-know-about-buying-a-home-in-a-historic-district/",""
"/what-should-i-know-about-buying-a-home-with-a-well-and-septic-system/",404,"https://www.stairwaymortgage.com/what-should-i-know-about-buying-a-home-with-a-well-and-septic-system/",""
"/what-should-i-know-about-buying-a-second-home/",404,"https://www.stairwaymortgage.com/what-should-i-know-about-buying-a-second-home/",""
"/what-should-i-know-about-making-an-all-cash-offer/",404,"https://www.stairwaymortgage.com/what-should-i-know-about-making-an-all-cash-offer/",""
"/what-should-i-know-about-making-an-offer-on-a-foreclosure/",404,"https://www.stairwaymortgage.com/what-should-i-know-about-making-an-offer-on-a-foreclosure/",""
"/what-should-i-know-about-moving-into-a-new-home/",404,"https://www.stairwaymortgage.com/what-should-i-know-about-moving-into-a-new-home/",""
"/what-should-i-know-about-property-disclosures/",404,"https://www.stairwaymortgage.com/what-should-i-know-about-property-disclosures/",""
"/what-should-i-know-about-property-liens/",404,"https://www.stairwaymortgage.com/what-should-i-know-about-property-liens/",""
"/what-should-i-know-about-refinancing-my-home/",404,"https://www.stairwaymortgage.com/what-should-i-know-about-refinancing-my-home/",""
"/what-should-i-look-for-when-touring-a-home/",404,"https://www.stairwaymortgage.com/what-should-i-look-for-when-touring-a-home/",""
"/whats-the-difference-between-a-buyers-agent-and-a-sellers-agent/",404,"https://www.stairwaymortgage.com/whats-the-difference-between-a-buyers-agent-and-a-sellers-agent/",""
"/whats-the-difference-between-a-condo-and-a-co-op/",404,"https://www.stairwaymortgage.com/whats-the-difference-between-a-condo-and-a-co-op/",""
"/whats-the-difference-between-a-fixed-rate-and-adjustable-rate-mortgage/",404,"https://www.stairwaymortgage.com/whats-the-difference-between-a-fixed-rate-and-adjustable-rate-mortgage/",""
"/whats-the-difference-between-a-home-inspection-and-a-home-appraisal/",404,"https://www.stairwaymortgage.com/whats-the-difference-between-a-home-inspection-and-a-home-appraisal/",""
"/whats-the-difference-between-a-real-estate-agent-and-a-broker/",404,"https://www.stairwaymortgage.com/whats-the-difference-between-a-real-estate-agent-and-a-broker/",""
"/whats-the-difference-between-a-sellers-market-and-a-buyers-market/",404,"https://www.stairwaymortgage.com/whats-the-difference-between-a-sellers-market-and-a-buyers-market/",""
"/whats-the-difference-between-market-value-and-assessed-value/",404,"https://www.stairwaymortgage.com/whats-the-difference-between-market-value-and-assessed-value/",""
"/whats-the-first-step-in-buying-a-home/",404,"https://www.stairwaymortgage.com/whats-the-first-step-in-buying-a-home/",""
"/when-to-refinance-mortgage/",404,"https://www.stairwaymortgage.com/when-to-refinance-mortgage/",""
"/who-qualifies-for-a-reverse-mortgage-and-who-doesnt/",404,"https://www.stairwaymortgage.com/who-qualifies-for-a-reverse-mortgage-and-who-doesnt/",""
"/why-mortgage-brokers-beat-banks-on-rate-shopping/",404,"https://www.stairwaymortgage.com/why-mortgage-brokers-beat-banks-on-rate-shopping/",""
"/why-most-homeowners-miss-out-on-big-savings/",404,"https://www.stairwaymortgage.com/why-most-homeowners-miss-out-on-big-savings/",""
"/will-i-still-own-my-home-with-a-reverse-mortgage/",404,"https://www.stairwaymortgage.com/will-i-still-own-my-home-with-a-reverse-mortgage/",""
"/your-refinance-team-what-each-expert-does/",404,"https://www.stairwaymortgage.com/your-refinance-team-what-each-expert-does/",""
