old_url,final_status,final_url,matched_new_route,confidence,recommendation
"https://www.stairwaymortgage.com/",200,"https://www.stairwaymortgage.com/","",0,OK
"https://www.stairwaymortgage.com/0-approval_2/",404,"https://www.stairwaymortgage.com/0-approval_2/","",0,REBUILD
"https://www.stairwaymortgage.com/1031-exchange-delaware-statutory-trust/",404,"https://www.stairwaymortgage.com/1031-exchange-delaware-statutory-trust/","/blog/1031-exchange-delaware-statutory-trust/",0.8,301
"https://www.stairwaymortgage.com/1031-exchange-for-dummies/",404,"https://www.stairwaymortgage.com/1031-exchange-for-dummies/","/blog/1031-exchange-for-dummies/",0.8,301
"https://www.stairwaymortgage.com/2025/05/11/apply-for-mortgage/",200,"https://www.stairwaymortgage.com/2025/05/11/apply-for-mortgage/","",0,OK
"https://www.stairwaymortgage.com/2025/05/11/mortgage-broker-vs-lender/",200,"https://www.stairwaymortgage.com/2025/05/11/mortgage-broker-vs-lender/","",0,OK
"https://www.stairwaymortgage.com/2025/05/11/mortgage-preapproval/",200,"https://www.stairwaymortgage.com/2025/05/11/mortgage-preapproval/","",0,OK
"https://www.stairwaymortgage.com/2025/05/21/passive-income-investments/",200,"https://www.stairwaymortgage.com/2025/05/21/passive-income-investments/","",0,OK
"https://www.stairwaymortgage.com/2025/07/04/first-time-home-buyer-programs/",200,"https://www.stairwaymortgage.com/2025/07/04/first-time-home-buyer-programs/","",0,OK
"https://www.stairwaymortgage.com/2025/07/04/long-term-rental-vs-short-term-rental/",200,"https://www.stairwaymortgage.com/2025/07/04/long-term-rental-vs-short-term-rental/","",0,OK
"https://www.stairwaymortgage.com/2025/07/05/brrrr-method/",200,"https://www.stairwaymortgage.com/2025/07/05/brrrr-method/","",0,OK
"https://www.stairwaymortgage.com/2025/07/09/vision-board-examples/",200,"https://www.stairwaymortgage.com/2025/07/09/vision-board-examples/","",0,OK
"https://www.stairwaymortgage.com/2025/07/29/buying-your-first-home/",200,"https://www.stairwaymortgage.com/2025/07/29/buying-your-first-home/","",0,OK
"https://www.stairwaymortgage.com/2025/07/29/house-hacking/",200,"https://www.stairwaymortgage.com/2025/07/29/house-hacking/","",0,OK
"https://www.stairwaymortgage.com/2025/10/20/mortgage-estimator-florida/",200,"https://www.stairwaymortgage.com/2025/10/20/mortgage-estimator-florida/","",0,OK
"https://www.stairwaymortgage.com/2025/11/03/appraisal-when-buying-a-house/",200,"https://www.stairwaymortgage.com/2025/11/03/appraisal-when-buying-a-house/","",0,OK
"https://www.stairwaymortgage.com/2025/11/03/authorized-user-credit-card/",200,"https://www.stairwaymortgage.com/2025/11/03/authorized-user-credit-card/","",0,OK
"https://www.stairwaymortgage.com/2025/11/03/best-mortgage-company/",200,"https://www.stairwaymortgage.com/2025/11/03/best-mortgage-company/","",0,OK
"https://www.stairwaymortgage.com/2025/11/03/closing-costs-for-buyers/",200,"https://www.stairwaymortgage.com/2025/11/03/closing-costs-for-buyers/","",0,OK
"https://www.stairwaymortgage.com/2025/11/03/college-savings/",200,"https://www.stairwaymortgage.com/2025/11/03/college-savings/","",0,OK
"https://www.stairwaymortgage.com/2025/11/03/final-walkthrough-before-closing/",200,"https://www.stairwaymortgage.com/2025/11/03/final-walkthrough-before-closing/","",0,OK
"https://www.stairwaymortgage.com/2025/11/03/first-credit-card/",200,"https://www.stairwaymortgage.com/2025/11/03/first-credit-card/","",0,OK
"https://www.stairwaymortgage.com/2025/11/03/first-time-home-buyer-down-payment-assistance/",200,"https://www.stairwaymortgage.com/2025/11/03/first-time-home-buyer-down-payment-assistance/","",0,OK
"https://www.stairwaymortgage.com/2025/11/03/home-inspection-checklist-for-buyers/",200,"https://www.stairwaymortgage.com/2025/11/03/home-inspection-checklist-for-buyers/","",0,OK
"https://www.stairwaymortgage.com/2025/11/03/home-purchase-budget/",200,"https://www.stairwaymortgage.com/2025/11/03/home-purchase-budget/","",0,OK
"https://www.stairwaymortgage.com/2025/11/03/homeowner-maintenance-checklist/",200,"https://www.stairwaymortgage.com/2025/11/03/homeowner-maintenance-checklist/","",0,OK
"https://www.stairwaymortgage.com/2025/11/03/how-to-make-an-offer-on-a-house/",200,"https://www.stairwaymortgage.com/2025/11/03/how-to-make-an-offer-on-a-house/","",0,OK
"https://www.stairwaymortgage.com/2025/11/03/ideal-home/",200,"https://www.stairwaymortgage.com/2025/11/03/ideal-home/","",0,OK
"https://www.stairwaymortgage.com/2025/11/03/mortgage-broker-fees/",200,"https://www.stairwaymortgage.com/2025/11/03/mortgage-broker-fees/","",0,OK
"https://www.stairwaymortgage.com/2025/11/03/new-construction-vs-existing-home/",200,"https://www.stairwaymortgage.com/2025/11/03/new-construction-vs-existing-home/","",0,OK
"https://www.stairwaymortgage.com/2025/11/03/things-you-need-for-a-new-home/",200,"https://www.stairwaymortgage.com/2025/11/03/things-you-need-for-a-new-home/","",0,OK
"https://www.stairwaymortgage.com/2025/11/04/50-30-20-budget-rule/",200,"https://www.stairwaymortgage.com/2025/11/04/50-30-20-budget-rule/","",0,OK
"https://www.stairwaymortgage.com/2025/11/04/fha-loan-qualifications/",200,"https://www.stairwaymortgage.com/2025/11/04/fha-loan-qualifications/","",0,OK
"https://www.stairwaymortgage.com/2025/11/04/first-time-home-buyer-assistance/",200,"https://www.stairwaymortgage.com/2025/11/04/first-time-home-buyer-assistance/","",0,OK
"https://www.stairwaymortgage.com/2025/11/04/first-time-homebuyer-checklist/",200,"https://www.stairwaymortgage.com/2025/11/04/first-time-homebuyer-checklist/","",0,OK
"https://www.stairwaymortgage.com/2025/11/04/gift-money/",200,"https://www.stairwaymortgage.com/2025/11/04/gift-money/","",0,OK
"https://www.stairwaymortgage.com/2025/11/04/how-to-save-for-a-house/",200,"https://www.stairwaymortgage.com/2025/11/04/how-to-save-for-a-house/","",0,OK
"https://www.stairwaymortgage.com/2025/11/04/improve-credit-score-for-mortgage/",200,"https://www.stairwaymortgage.com/2025/11/04/improve-credit-score-for-mortgage/","",0,OK
"https://www.stairwaymortgage.com/2025/11/04/rent-vs-buy-calculator/",200,"https://www.stairwaymortgage.com/2025/11/04/rent-vs-buy-calculator/","",0,OK
"https://www.stairwaymortgage.com/2025/11/04/side-hustles-to-make-money/",200,"https://www.stairwaymortgage.com/2025/11/04/side-hustles-to-make-money/","",0,OK
"https://www.stairwaymortgage.com/2025/11/05/1031-exchange-delaware-statutory-trust/",200,"https://www.stairwaymortgage.com/2025/11/05/1031-exchange-delaware-statutory-trust/","",0,OK
"https://www.stairwaymortgage.com/2025/11/05/55-plus-community/",200,"https://www.stairwaymortgage.com/2025/11/05/55-plus-community/","",0,OK
"https://www.stairwaymortgage.com/2025/11/05/advantages-of-a-living-trust/",200,"https://www.stairwaymortgage.com/2025/11/05/advantages-of-a-living-trust/","",0,OK
"https://www.stairwaymortgage.com/2025/11/05/aging-in-place-modifications/",200,"https://www.stairwaymortgage.com/2025/11/05/aging-in-place-modifications/","",0,OK
"https://www.stairwaymortgage.com/2025/11/05/best-way-to-earn-a-passive-income/",200,"https://www.stairwaymortgage.com/2025/11/05/best-way-to-earn-a-passive-income/","",0,OK
"https://www.stairwaymortgage.com/2025/11/05/bridge-loan-mortgage/",200,"https://www.stairwaymortgage.com/2025/11/05/bridge-loan-mortgage/","",0,OK
"https://www.stairwaymortgage.com/2025/11/05/business-plan-for-investing-in-real-estate/",200,"https://www.stairwaymortgage.com/2025/11/05/business-plan-for-investing-in-real-estate/","",0,OK
"https://www.stairwaymortgage.com/2025/11/05/calculating-cap-rate-real-estate/",200,"https://www.stairwaymortgage.com/2025/11/05/calculating-cap-rate-real-estate/","",0,OK
"https://www.stairwaymortgage.com/2025/11/05/capital-partners/",200,"https://www.stairwaymortgage.com/2025/11/05/capital-partners/","",0,OK
"https://www.stairwaymortgage.com/2025/11/05/cash-out-refinance-investment-property/",200,"https://www.stairwaymortgage.com/2025/11/05/cash-out-refinance-investment-property/","",0,OK
"https://www.stairwaymortgage.com/2025/11/05/cash-out-refinance-vs-heloc/",200,"https://www.stairwaymortgage.com/2025/11/05/cash-out-refinance-vs-heloc/","",0,OK
"https://www.stairwaymortgage.com/2025/11/05/charitable-remainder-annuity-trust/",200,"https://www.stairwaymortgage.com/2025/11/05/charitable-remainder-annuity-trust/","",0,OK
"https://www.stairwaymortgage.com/2025/11/05/conservation-easement-tax-deduction/",200,"https://www.stairwaymortgage.com/2025/11/05/conservation-easement-tax-deduction/","",0,OK
"https://www.stairwaymortgage.com/2025/11/05/cost-segregation-real-estate/",200,"https://www.stairwaymortgage.com/2025/11/05/cost-segregation-real-estate/","",0,OK
"https://www.stairwaymortgage.com/2025/11/05/debt-consolidation-refinance/",200,"https://www.stairwaymortgage.com/2025/11/05/debt-consolidation-refinance/","",0,OK
"https://www.stairwaymortgage.com/2025/11/05/divorce-mortgage/",200,"https://www.stairwaymortgage.com/2025/11/05/divorce-mortgage/","",0,OK
"https://www.stairwaymortgage.com/2025/11/05/downsizing-home-for-seniors/",200,"https://www.stairwaymortgage.com/2025/11/05/downsizing-home-for-seniors/","",0,OK
"https://www.stairwaymortgage.com/2025/11/05/dscr-loan-meaning/",200,"https://www.stairwaymortgage.com/2025/11/05/dscr-loan-meaning/","",0,OK
"https://www.stairwaymortgage.com/2025/11/05/escrow-account/",200,"https://www.stairwaymortgage.com/2025/11/05/escrow-account/","",0,OK
"https://www.stairwaymortgage.com/2025/11/05/first-time-home-buyer-mistakes/",200,"https://www.stairwaymortgage.com/2025/11/05/first-time-home-buyer-mistakes/","",0,OK
"https://www.stairwaymortgage.com/2025/11/05/homeowners-insurance-review/",200,"https://www.stairwaymortgage.com/2025/11/05/homeowners-insurance-review/","",0,OK
"https://www.stairwaymortgage.com/2025/11/05/house-renovation-cost/",200,"https://www.stairwaymortgage.com/2025/11/05/house-renovation-cost/","",0,OK
"https://www.stairwaymortgage.com/2025/11/05/how-reverse-mortgage-works/",200,"https://www.stairwaymortgage.com/2025/11/05/how-reverse-mortgage-works/","",0,OK
"https://www.stairwaymortgage.com/2025/11/05/how-to-find-investment-property/",200,"https://www.stairwaymortgage.com/2025/11/05/how-to-find-investment-property/","",0,OK
"https://www.stairwaymortgage.com/2025/11/05/how-to-find-investors-for-real-estate/",200,"https://www.stairwaymortgage.com/2025/11/05/how-to-find-investors-for-real-estate/","",0,OK
"https://www.stairwaymortgage.com/2025/11/05/how-to-remove-pmi/",200,"https://www.stairwaymortgage.com/2025/11/05/how-to-remove-pmi/","",0,OK
"https://www.stairwaymortgage.com/2025/11/05/intentionally-defective-grantor-trust/",200,"https://www.stairwaymortgage.com/2025/11/05/intentionally-defective-grantor-trust/","",0,OK
"https://www.stairwaymortgage.com/2025/11/05/invest-in-commercial-real-estate/",200,"https://www.stairwaymortgage.com/2025/11/05/invest-in-commercial-real-estate/","",0,OK
"https://www.stairwaymortgage.com/2025/11/05/investment-property-analysis/",200,"https://www.stairwaymortgage.com/2025/11/05/investment-property-analysis/","",0,OK
"https://www.stairwaymortgage.com/2025/11/05/irrevocable-asset-protection-trust/",200,"https://www.stairwaymortgage.com/2025/11/05/irrevocable-asset-protection-trust/","",0,OK
"https://www.stairwaymortgage.com/2025/11/05/is-reverse-mortgage-income-taxable/",200,"https://www.stairwaymortgage.com/2025/11/05/is-reverse-mortgage-income-taxable/","",0,OK
"https://www.stairwaymortgage.com/2025/11/05/lawyers-for-estates-and-wills/",200,"https://www.stairwaymortgage.com/2025/11/05/lawyers-for-estates-and-wills/","",0,OK
"https://www.stairwaymortgage.com/2025/11/05/legacy-planning/",200,"https://www.stairwaymortgage.com/2025/11/05/legacy-planning/","",0,OK
"https://www.stairwaymortgage.com/2025/11/05/llc-s-corp-vs-llc-c-corp/",200,"https://www.stairwaymortgage.com/2025/11/05/llc-s-corp-vs-llc-c-corp/","",0,OK
"https://www.stairwaymortgage.com/2025/11/05/long-term-care-financing/",200,"https://www.stairwaymortgage.com/2025/11/05/long-term-care-financing/","",0,OK
"https://www.stairwaymortgage.com/2025/11/05/meaning-of-residuary-estate/",200,"https://www.stairwaymortgage.com/2025/11/05/meaning-of-residuary-estate/","",0,OK
"https://www.stairwaymortgage.com/2025/11/05/mortgage-recast/",200,"https://www.stairwaymortgage.com/2025/11/05/mortgage-recast/","",0,OK
"https://www.stairwaymortgage.com/2025/11/05/moving-out-of-state/",200,"https://www.stairwaymortgage.com/2025/11/05/moving-out-of-state/","",0,OK
"https://www.stairwaymortgage.com/2025/11/05/multifamily-real-estate-investing/",200,"https://www.stairwaymortgage.com/2025/11/05/multifamily-real-estate-investing/","",0,OK
"https://www.stairwaymortgage.com/2025/11/05/negotiating-real-estate-commission/",200,"https://www.stairwaymortgage.com/2025/11/05/negotiating-real-estate-commission/","",0,OK
"https://www.stairwaymortgage.com/2025/11/05/opportunity-zone-funds/",200,"https://www.stairwaymortgage.com/2025/11/05/opportunity-zone-funds/","",0,OK
"https://www.stairwaymortgage.com/2025/11/05/partnering-in-real-estate/",200,"https://www.stairwaymortgage.com/2025/11/05/partnering-in-real-estate/","",0,OK
"https://www.stairwaymortgage.com/2025/11/05/passive-activity-loss-limitations/",200,"https://www.stairwaymortgage.com/2025/11/05/passive-activity-loss-limitations/","",0,OK
"https://www.stairwaymortgage.com/2025/11/05/pay-off-mortgage-early/",200,"https://www.stairwaymortgage.com/2025/11/05/pay-off-mortgage-early/","",0,OK
"https://www.stairwaymortgage.com/2025/11/05/portfolio-and-diversification/",200,"https://www.stairwaymortgage.com/2025/11/05/portfolio-and-diversification/","",0,OK
"https://www.stairwaymortgage.com/2025/11/05/private-placement-life-insurance/",200,"https://www.stairwaymortgage.com/2025/11/05/private-placement-life-insurance/","",0,OK
"https://www.stairwaymortgage.com/2025/11/05/property-management-checklist/",200,"https://www.stairwaymortgage.com/2025/11/05/property-management-checklist/","",0,OK
"https://www.stairwaymortgage.com/2025/11/05/property-management-cost/",200,"https://www.stairwaymortgage.com/2025/11/05/property-management-cost/","",0,OK
"https://www.stairwaymortgage.com/2025/11/05/real-estate-syndication-attorney/",200,"https://www.stairwaymortgage.com/2025/11/05/real-estate-syndication-attorney/","",0,OK
"https://www.stairwaymortgage.com/2025/11/05/reits-that-pay-a-monthly-dividend/",200,"https://www.stairwaymortgage.com/2025/11/05/reits-that-pay-a-monthly-dividend/","",0,OK
"https://www.stairwaymortgage.com/2025/11/05/rent-out-my-house/",200,"https://www.stairwaymortgage.com/2025/11/05/rent-out-my-house/","",0,OK
"https://www.stairwaymortgage.com/2025/11/05/retirement-income-planning/",200,"https://www.stairwaymortgage.com/2025/11/05/retirement-income-planning/","",0,OK
"https://www.stairwaymortgage.com/2025/11/05/reverse-mortgage-death/",200,"https://www.stairwaymortgage.com/2025/11/05/reverse-mortgage-death/","",0,OK
"https://www.stairwaymortgage.com/2025/11/05/reverse-mortgage-income/",200,"https://www.stairwaymortgage.com/2025/11/05/reverse-mortgage-income/","",0,OK
"https://www.stairwaymortgage.com/2025/11/05/reverse-mortgage-pitfalls/",200,"https://www.stairwaymortgage.com/2025/11/05/reverse-mortgage-pitfalls/","",0,OK
"https://www.stairwaymortgage.com/2025/11/05/reverse-mortgage-pros-cons/",200,"https://www.stairwaymortgage.com/2025/11/05/reverse-mortgage-pros-cons/","",0,OK
"https://www.stairwaymortgage.com/2025/11/05/reverse-mortgage-qualification-requirements/",200,"https://www.stairwaymortgage.com/2025/11/05/reverse-mortgage-qualification-requirements/","",0,OK
"https://www.stairwaymortgage.com/2025/11/05/reverse-mortgage-vs-heloc/",200,"https://www.stairwaymortgage.com/2025/11/05/reverse-mortgage-vs-heloc/","",0,OK
"https://www.stairwaymortgage.com/2025/11/05/scaling-with-brrrr-strategy/",200,"https://www.stairwaymortgage.com/2025/11/05/scaling-with-brrrr-strategy/","",0,OK
"https://www.stairwaymortgage.com/2025/11/05/self-directed-ira-real-estate/",200,"https://www.stairwaymortgage.com/2025/11/05/self-directed-ira-real-estate/","",0,OK
"https://www.stairwaymortgage.com/2025/11/05/senior-property-tax-exemption/",200,"https://www.stairwaymortgage.com/2025/11/05/senior-property-tax-exemption/","",0,OK
"https://www.stairwaymortgage.com/2025/11/05/states-without-estate-taxes/",200,"https://www.stairwaymortgage.com/2025/11/05/states-without-estate-taxes/","",0,OK
"https://www.stairwaymortgage.com/2025/11/05/syndication-of-real-estate/",200,"https://www.stairwaymortgage.com/2025/11/05/syndication-of-real-estate/","",0,OK
"https://www.stairwaymortgage.com/2025/11/05/the-great-wealth-transfer/",200,"https://www.stairwaymortgage.com/2025/11/05/the-great-wealth-transfer/","",0,OK
"https://www.stairwaymortgage.com/2025/11/05/true-cost-of-homeownership/",200,"https://www.stairwaymortgage.com/2025/11/05/true-cost-of-homeownership/","",0,OK
"https://www.stairwaymortgage.com/2025/11/05/types-of-loans-for-flipping-houses/",200,"https://www.stairwaymortgage.com/2025/11/05/types-of-loans-for-flipping-houses/","",0,OK
"https://www.stairwaymortgage.com/2025/11/05/what-is-my-home-worth/",200,"https://www.stairwaymortgage.com/2025/11/05/what-is-my-home-worth/","",0,OK
"https://www.stairwaymortgage.com/2025/11/06/adu-financing-options/",200,"https://www.stairwaymortgage.com/2025/11/06/adu-financing-options/","",0,OK
"https://www.stairwaymortgage.com/2025/11/06/fha-vs-conventional/",200,"https://www.stairwaymortgage.com/2025/11/06/fha-vs-conventional/","",0,OK
"https://www.stairwaymortgage.com/2025/11/06/home-improvements-best-roi/",200,"https://www.stairwaymortgage.com/2025/11/06/home-improvements-best-roi/","",0,OK
"https://www.stairwaymortgage.com/2025/11/07/building-a-real-estate-team/",200,"https://www.stairwaymortgage.com/2025/11/07/building-a-real-estate-team/","",0,OK
"https://www.stairwaymortgage.com/2025/11/07/buying-first-rental-property-with-llc/",200,"https://www.stairwaymortgage.com/2025/11/07/buying-first-rental-property-with-llc/","",0,OK
"https://www.stairwaymortgage.com/2025/11/07/cash-flow-real-estate-vs-appreciation-real-estate/",200,"https://www.stairwaymortgage.com/2025/11/07/cash-flow-real-estate-vs-appreciation-real-estate/","",0,OK
"https://www.stairwaymortgage.com/2025/11/07/construction-to-permanent-loan/",200,"https://www.stairwaymortgage.com/2025/11/07/construction-to-permanent-loan/","",0,OK
"https://www.stairwaymortgage.com/2025/11/07/first-time-home-buyer-tips/",200,"https://www.stairwaymortgage.com/2025/11/07/first-time-home-buyer-tips/","",0,OK
"https://www.stairwaymortgage.com/2025/11/07/hecm-for-purchase/",200,"https://www.stairwaymortgage.com/2025/11/07/hecm-for-purchase/","",0,OK
"https://www.stairwaymortgage.com/2025/11/07/how-to-qualify-for-mortgage/",200,"https://www.stairwaymortgage.com/2025/11/07/how-to-qualify-for-mortgage/","",0,OK
"https://www.stairwaymortgage.com/2025/11/07/property-management-for-landlords/",200,"https://www.stairwaymortgage.com/2025/11/07/property-management-for-landlords/","",0,OK
"https://www.stairwaymortgage.com/2025/11/07/real-estate-investing-for-beginners/",200,"https://www.stairwaymortgage.com/2025/11/07/real-estate-investing-for-beginners/","",0,OK
"https://www.stairwaymortgage.com/2025/11/07/real-estate-investment-strategies/",200,"https://www.stairwaymortgage.com/2025/11/07/real-estate-investment-strategies/","",0,OK
"https://www.stairwaymortgage.com/2025/11/07/real-estate-team/",200,"https://www.stairwaymortgage.com/2025/11/07/real-estate-team/","",0,OK
"https://www.stairwaymortgage.com/2025/11/07/real-estate-terminology/",200,"https://www.stairwaymortgage.com/2025/11/07/real-estate-terminology/","",0,OK
"https://www.stairwaymortgage.com/2025/11/07/reverse-mortgage-pros-and-cons/",200,"https://www.stairwaymortgage.com/2025/11/07/reverse-mortgage-pros-and-cons/","",0,OK
"https://www.stairwaymortgage.com/2025/11/07/self-employed-mortgage/",200,"https://www.stairwaymortgage.com/2025/11/07/self-employed-mortgage/","",0,OK
"https://www.stairwaymortgage.com/2025/11/07/selling-a-house/",200,"https://www.stairwaymortgage.com/2025/11/07/selling-a-house/","",0,OK
"https://www.stairwaymortgage.com/2025/11/07/selling-home/",200,"https://www.stairwaymortgage.com/2025/11/07/selling-home/","",0,OK
"https://www.stairwaymortgage.com/2025/11/07/tax-benefits-of-rental-property/",200,"https://www.stairwaymortgage.com/2025/11/07/tax-benefits-of-rental-property/","",0,OK
"https://www.stairwaymortgage.com/2025/11/07/tax-break-for-buying-a-house/",200,"https://www.stairwaymortgage.com/2025/11/07/tax-break-for-buying-a-house/","",0,OK
"https://www.stairwaymortgage.com/2025/11/07/when-to-refinance-mortgage/",200,"https://www.stairwaymortgage.com/2025/11/07/when-to-refinance-mortgage/","",0,OK
"https://www.stairwaymortgage.com/2025/11/08/1031-exchange-for-dummies/",200,"https://www.stairwaymortgage.com/2025/11/08/1031-exchange-for-dummies/","",0,OK
"https://www.stairwaymortgage.com/2025/11/08/commercial-real-estate-analysis/",200,"https://www.stairwaymortgage.com/2025/11/08/commercial-real-estate-analysis/","",0,OK
"https://www.stairwaymortgage.com/2025/11/08/creative-financing-real-estate/",200,"https://www.stairwaymortgage.com/2025/11/08/creative-financing-real-estate/","",0,OK
"https://www.stairwaymortgage.com/2025/11/08/crowd-funding-for-startup-company/",200,"https://www.stairwaymortgage.com/2025/11/08/crowd-funding-for-startup-company/","",0,OK
"https://www.stairwaymortgage.com/2025/11/08/invest-in-apartment-complexes/",200,"https://www.stairwaymortgage.com/2025/11/08/invest-in-apartment-complexes/","",0,OK
"https://www.stairwaymortgage.com/2025/11/08/multifamily-market-analysis/",200,"https://www.stairwaymortgage.com/2025/11/08/multifamily-market-analysis/","",0,OK
"https://www.stairwaymortgage.com/2025/11/08/passive-portfolio-management/",200,"https://www.stairwaymortgage.com/2025/11/08/passive-portfolio-management/","",0,OK
"https://www.stairwaymortgage.com/2025/11/08/portfolio-lending-real-estate-loans/",200,"https://www.stairwaymortgage.com/2025/11/08/portfolio-lending-real-estate-loans/","",0,OK
"https://www.stairwaymortgage.com/2025/11/08/real-estate-due-diligence-checklist/",200,"https://www.stairwaymortgage.com/2025/11/08/real-estate-due-diligence-checklist/","",0,OK
"https://www.stairwaymortgage.com/2025/11/08/real-estate-syndication/",200,"https://www.stairwaymortgage.com/2025/11/08/real-estate-syndication/","",0,OK
"https://www.stairwaymortgage.com/2025/11/08/real-estate-tax-strategies/",200,"https://www.stairwaymortgage.com/2025/11/08/real-estate-tax-strategies/","",0,OK
"https://www.stairwaymortgage.com/2025/11/10/charitable-donations-and-tax-deductions/",200,"https://www.stairwaymortgage.com/2025/11/10/charitable-donations-and-tax-deductions/","",0,OK
"https://www.stairwaymortgage.com/2025/11/10/family-limited-partnership/",200,"https://www.stairwaymortgage.com/2025/11/10/family-limited-partnership/","",0,OK
"https://www.stairwaymortgage.com/2025/11/10/landlord-insurance-for-rental-property/",200,"https://www.stairwaymortgage.com/2025/11/10/landlord-insurance-for-rental-property/","",0,OK
"https://www.stairwaymortgage.com/2025/11/10/landlord-responsibilities/",200,"https://www.stairwaymortgage.com/2025/11/10/landlord-responsibilities/","",0,OK
"https://www.stairwaymortgage.com/2025/11/10/life-insurance-into-a-trust/",200,"https://www.stairwaymortgage.com/2025/11/10/life-insurance-into-a-trust/","",0,OK
"https://www.stairwaymortgage.com/2025/11/10/qualified-personal-residence-trust/",200,"https://www.stairwaymortgage.com/2025/11/10/qualified-personal-residence-trust/","",0,OK
"https://www.stairwaymortgage.com/2025/11/10/types-of-investment-properties/",200,"https://www.stairwaymortgage.com/2025/11/10/types-of-investment-properties/","",0,OK
"https://www.stairwaymortgage.com/2025/11/11/home-renovation/",200,"https://www.stairwaymortgage.com/2025/11/11/home-renovation/","",0,OK
"https://www.stairwaymortgage.com/2025/11/11/market-cycles/",200,"https://www.stairwaymortgage.com/2025/11/11/market-cycles/","",0,OK
"https://www.stairwaymortgage.com/2025/11/11/types-of-home-mortgage-loans/",200,"https://www.stairwaymortgage.com/2025/11/11/types-of-home-mortgage-loans/","",0,OK
"https://www.stairwaymortgage.com/2025/11/12/closing-on-a-house/",200,"https://www.stairwaymortgage.com/2025/11/12/closing-on-a-house/","",0,OK
"https://www.stairwaymortgage.com/2025/11/12/mortgage-protection-insurance/",200,"https://www.stairwaymortgage.com/2025/11/12/mortgage-protection-insurance/","",0,OK
"https://www.stairwaymortgage.com/2025/11/12/special-financing/",200,"https://www.stairwaymortgage.com/2025/11/12/special-financing/","",0,OK
"https://www.stairwaymortgage.com/2025/11/16/nexa-mortgage-nexa-lending/",200,"https://www.stairwaymortgage.com/2025/11/16/nexa-mortgage-nexa-lending/","",0,OK
"https://www.stairwaymortgage.com/50-30-20-budget-rule/",404,"https://www.stairwaymortgage.com/50-30-20-budget-rule/","/blog/50-30-20-budget-rule/",0.8,301
"https://www.stairwaymortgage.com/55-plus-community/",404,"https://www.stairwaymortgage.com/55-plus-community/","/blog/55-plus-community/",0.8,301
"https://www.stairwaymortgage.com/about-us/",404,"https://www.stairwaymortgage.com/about-us/","",0,REBUILD
"https://www.stairwaymortgage.com/accountants-underwriters/",200,"https://www.stairwaymortgage.com/accountants-underwriters/","",0,OK
"https://www.stairwaymortgage.com/active-investor-email-verification/",200,"https://www.stairwaymortgage.com/","",0,OK
"https://www.stairwaymortgage.com/active-investor-quiz/",200,"https://www.stairwaymortgage.com/discovery-quiz/","",0,OK
"https://www.stairwaymortgage.com/active-investors-journey/",200,"https://www.stairwaymortgage.com/active-investors-journey/","",0,OK
"https://www.stairwaymortgage.com/adam/",404,"https://www.stairwaymortgage.com/adam/","",0,REBUILD
"https://www.stairwaymortgage.com/adu-financing-options/",404,"https://www.stairwaymortgage.com/adu-financing-options/","/blog/adu-financing-options/",0.8,301
"https://www.stairwaymortgage.com/advantages-of-a-living-trust/",404,"https://www.stairwaymortgage.com/advantages-of-a-living-trust/","/blog/advantages-of-a-living-trust/",0.8,301
"https://www.stairwaymortgage.com/aging-in-place-modifications/",404,"https://www.stairwaymortgage.com/aging-in-place-modifications/","/blog/aging-in-place-modifications/",0.8,301
"https://www.stairwaymortgage.com/all-case-studies/",200,"https://www.stairwaymortgage.com/case-studies/","",0,OK
"https://www.stairwaymortgage.com/all-loan-calculators/",200,"https://www.stairwaymortgage.com/loan-calculators/","",0,OK
"https://www.stairwaymortgage.com/all-loan-programs/",200,"https://www.stairwaymortgage.com/loan-programs/","",0,OK
"https://www.stairwaymortgage.com/american-hero-email-verification/",200,"https://www.stairwaymortgage.com/","",0,OK
"https://www.stairwaymortgage.com/american-hero-quiz/",200,"https://www.stairwaymortgage.com/discovery-quiz/","",0,OK
"https://www.stairwaymortgage.com/apply-for-mortgage/",403,"https://stairwaymortgage.my1003app.com/","",0,ALREADY-REDIRECTED
"https://www.stairwaymortgage.com/appraisal-when-buying-a-house/",404,"https://www.stairwaymortgage.com/appraisal-when-buying-a-house/","/blog/appraisal-when-buying-a-house/",0.8,301
"https://www.stairwaymortgage.com/architects-designers/",200,"https://www.stairwaymortgage.com/architects-designers/","",0,OK
"https://www.stairwaymortgage.com/art-of-follow-up-quiz/",200,"https://www.stairwaymortgage.com/discovery-quiz/","",0,OK
"https://www.stairwaymortgage.com/attorneys-title-teams/",200,"https://www.stairwaymortgage.com/attorneys-title-teams/","",0,OK
"https://www.stairwaymortgage.com/authorized-user-credit-card/",404,"https://www.stairwaymortgage.com/authorized-user-credit-card/","/blog/authorized-user-credit-card/",0.8,301
"https://www.stairwaymortgage.com/aviation-professionals/",200,"https://www.stairwaymortgage.com/aviation-professionals/","",0,OK
"https://www.stairwaymortgage.com/aviation-professionals/pilots/",200,"https://www.stairwaymortgage.com/aviation-professionals/pilot/","",0,OK
"https://www.stairwaymortgage.com/best-mortgage-company/",404,"https://www.stairwaymortgage.com/best-mortgage-company/","/blog/best-mortgage-company/",0.8,301
"https://www.stairwaymortgage.com/best-way-to-earn-a-passive-income/",404,"https://www.stairwaymortgage.com/best-way-to-earn-a-passive-income/","/blog/best-way-to-earn-a-passive-income/",0.8,301
"https://www.stairwaymortgage.com/blog/",200,"https://www.stairwaymortgage.com/blog/","",0,OK
"https://www.stairwaymortgage.com/branches-careers-internships/",200,"https://www.stairwaymortgage.com/branches-careers-internships/","",0,OK
"https://www.stairwaymortgage.com/bridge-loan-mortgage/",404,"https://www.stairwaymortgage.com/bridge-loan-mortgage/","/blog/bridge-loan-mortgage/",0.8,301
"https://www.stairwaymortgage.com/brrrr-method/",404,"https://www.stairwaymortgage.com/brrrr-method/","/blog/brrrr-method/",0.8,301
"https://www.stairwaymortgage.com/build-a-house-journey/",200,"https://www.stairwaymortgage.com/build-a-house-journey/","",0,OK
"https://www.stairwaymortgage.com/build-a-wealth-plan-journey/",200,"https://www.stairwaymortgage.com/build-a-wealth-plan-journey/","",0,OK
"https://www.stairwaymortgage.com/build-your-dream-team-guide/",404,"https://www.stairwaymortgage.com/build-your-dream-team-guide/","",0,REBUILD
"https://www.stairwaymortgage.com/builders-contractors/",200,"https://www.stairwaymortgage.com/builders-contractors/","",0,OK
"https://www.stairwaymortgage.com/builders-design-professionals/",200,"https://www.stairwaymortgage.com/builders-contractors/","",0,OK
"https://www.stairwaymortgage.com/building-a-real-estate-team/",404,"https://www.stairwaymortgage.com/building-a-real-estate-team/","/blog/building-a-real-estate-team/",0.8,301
"https://www.stairwaymortgage.com/business-plan-for-investing-in-real-estate/",404,"https://www.stairwaymortgage.com/business-plan-for-investing-in-real-estate/","/blog/business-plan-for-investing-in-real-estate/",0.8,301
"https://www.stairwaymortgage.com/buy-a-house-copied-from-smart-parents-smart-students/",404,"https://www.stairwaymortgage.com/buy-a-house-copied-from-smart-parents-smart-students/","",0,REBUILD
"https://www.stairwaymortgage.com/buy-a-house-journey/",200,"https://www.stairwaymortgage.com/buy-a-house-journey/","",0,OK
"https://www.stairwaymortgage.com/buy-a-house/",404,"https://www.stairwaymortgage.com/buy-a-house/","",0,REBUILD
"https://www.stairwaymortgage.com/buy-now-or-wait/",404,"https://www.stairwaymortgage.com/buy-now-or-wait/","",0,REBUILD
"https://www.stairwaymortgage.com/buyer-identity-quiz-homeowner-vs-investor/",404,"https://www.stairwaymortgage.com/buyer-identity-quiz-homeowner-vs-investor/","",0,REBUILD
"https://www.stairwaymortgage.com/buying-a-home-or-investment/",404,"https://www.stairwaymortgage.com/buying-a-home-or-investment/","",0,REBUILD
"https://www.stairwaymortgage.com/buying-first-rental-property-with-llc/",404,"https://www.stairwaymortgage.com/buying-first-rental-property-with-llc/","/blog/buying-first-rental-property-with-llc/",0.8,301
"https://www.stairwaymortgage.com/buying-your-first-home/",404,"https://www.stairwaymortgage.com/buying-your-first-home/","/blog/buying-your-first-home/",0.8,301
"https://www.stairwaymortgage.com/calculating-cap-rate-real-estate/",404,"https://www.stairwaymortgage.com/calculating-cap-rate-real-estate/","/blog/calculating-cap-rate-real-estate/",0.8,301
"https://www.stairwaymortgage.com/calculators/",404,"https://www.stairwaymortgage.com/calculators/","",0,REBUILD
"https://www.stairwaymortgage.com/california-privacy/",200,"https://www.stairwaymortgage.com/california-privacy/","",0,OK
"https://www.stairwaymortgage.com/can-you-buy-a-home-with-a-reverse-mortgage-yes-heres-how/",404,"https://www.stairwaymortgage.com/can-you-buy-a-home-with-a-reverse-mortgage-yes-heres-how/","",0,REBUILD
"https://www.stairwaymortgage.com/capital-partners/",404,"https://www.stairwaymortgage.com/capital-partners/","/blog/capital-partners/",0.8,301
"https://www.stairwaymortgage.com/case-studies-1/",404,"https://www.stairwaymortgage.com/case-studies-1/","",0,REBUILD
"https://www.stairwaymortgage.com/case-studies-2/",404,"https://www.stairwaymortgage.com/case-studies-2/","",0,REBUILD
"https://www.stairwaymortgage.com/case-studies-3/",404,"https://www.stairwaymortgage.com/case-studies-3/","",0,REBUILD
"https://www.stairwaymortgage.com/case-studies/",200,"https://www.stairwaymortgage.com/case-studies/","",0,OK
"https://www.stairwaymortgage.com/case-studies/1099-loan-cash-out-refinance/",200,"https://www.stairwaymortgage.com/case-studies/1099-loan-cash-out-refinance/","",0,OK
"https://www.stairwaymortgage.com/case-studies/1099-loan-refinance/",200,"https://www.stairwaymortgage.com/case-studies/1099-loan-refinance/","",0,OK
"https://www.stairwaymortgage.com/case-studies/1099-loan/",200,"https://www.stairwaymortgage.com/case-studies/1099-loan/","",0,OK
"https://www.stairwaymortgage.com/case-studies/asset-based-loan-cash-out-refinance/",200,"https://www.stairwaymortgage.com/case-studies/asset-based-loan-cash-out-refinance/","",0,OK
"https://www.stairwaymortgage.com/case-studies/asset-based-loan-refinance/",200,"https://www.stairwaymortgage.com/case-studies/asset-based-loan-refinance/","",0,OK
"https://www.stairwaymortgage.com/case-studies/asset-based-loan/",200,"https://www.stairwaymortgage.com/case-studies/asset-based-loan/","",0,OK
"https://www.stairwaymortgage.com/case-studies/bank-statement-loan-cash-out-refinance/",200,"https://www.stairwaymortgage.com/case-studies/bank-statement-loan-cash-out-refinance/","",0,OK
"https://www.stairwaymortgage.com/case-studies/bank-statement-loan-refinance/",200,"https://www.stairwaymortgage.com/case-studies/bank-statement-loan-refinance/","",0,OK
"https://www.stairwaymortgage.com/case-studies/bank-statement-loan/",200,"https://www.stairwaymortgage.com/case-studies/bank-statement-loan/","",0,OK
"https://www.stairwaymortgage.com/case-studies/bridge-loan/",200,"https://www.stairwaymortgage.com/case-studies/bridge-loan/","",0,OK
"https://www.stairwaymortgage.com/case-studies/build-to-rent/",200,"https://www.stairwaymortgage.com/case-studies/build-to-rent/","",0,OK
"https://www.stairwaymortgage.com/case-studies/build-to-sell/",200,"https://www.stairwaymortgage.com/case-studies/build-to-sell/","",0,OK
"https://www.stairwaymortgage.com/case-studies/condotel-loan-cash-out-refinance/",200,"https://www.stairwaymortgage.com/case-studies/condotel-loan-cash-out-refinance/","",0,OK
"https://www.stairwaymortgage.com/case-studies/condotel-loan-refinance/",200,"https://www.stairwaymortgage.com/case-studies/condotel-loan-refinance/","",0,OK
"https://www.stairwaymortgage.com/case-studies/condotel-loan/",200,"https://www.stairwaymortgage.com/case-studies/condotel-loan/","",0,OK
"https://www.stairwaymortgage.com/case-studies/construction-loan/",200,"https://www.stairwaymortgage.com/case-studies/construction-loan/","",0,OK
"https://www.stairwaymortgage.com/case-studies/conventional-construction-loan/",200,"https://www.stairwaymortgage.com/case-studies/conventional-construction-loan/","",0,OK
"https://www.stairwaymortgage.com/case-studies/conventional-loan-cash-out-refinance/",200,"https://www.stairwaymortgage.com/case-studies/conventional-loan-cash-out-refinance/","",0,OK
"https://www.stairwaymortgage.com/case-studies/conventional-loan-refinance/",200,"https://www.stairwaymortgage.com/case-studies/conventional-loan-refinance/","",0,OK
"https://www.stairwaymortgage.com/case-studies/conventional-loan/",200,"https://www.stairwaymortgage.com/case-studies/conventional-loan/","",0,OK
"https://www.stairwaymortgage.com/case-studies/down-payment-assistance/",200,"https://www.stairwaymortgage.com/case-studies/down-payment-assistance/","",0,OK
"https://www.stairwaymortgage.com/case-studies/dscr-loan-cash-out-refinance/",200,"https://www.stairwaymortgage.com/case-studies/dscr-loan-cash-out-refinance/","",0,OK
"https://www.stairwaymortgage.com/case-studies/dscr-loan-refinance/",200,"https://www.stairwaymortgage.com/case-studies/dscr-loan-refinance/","",0,OK
"https://www.stairwaymortgage.com/case-studies/dscr-loan/",200,"https://www.stairwaymortgage.com/case-studies/dscr-loan/","",0,OK
"https://www.stairwaymortgage.com/case-studies/fha-203k-loan/",200,"https://www.stairwaymortgage.com/case-studies/fha-203k-loan/","",0,OK
"https://www.stairwaymortgage.com/case-studies/fha-construction-loan/",200,"https://www.stairwaymortgage.com/case-studies/fha-construction-loan/","",0,OK
"https://www.stairwaymortgage.com/case-studies/fha-loan-cash-out-refinance/",200,"https://www.stairwaymortgage.com/case-studies/fha-loan-cash-out-refinance/","",0,OK
"https://www.stairwaymortgage.com/case-studies/fha-loan-refinance/",200,"https://www.stairwaymortgage.com/case-studies/fha-loan-refinance/","",0,OK
"https://www.stairwaymortgage.com/case-studies/fha-loan/",200,"https://www.stairwaymortgage.com/case-studies/fha-loan/","",0,OK
"https://www.stairwaymortgage.com/case-studies/fha-streamline-refinance/",200,"https://www.stairwaymortgage.com/case-studies/fha-streamline-refinance/","",0,OK
"https://www.stairwaymortgage.com/case-studies/fix-and-flip-loan/",200,"https://www.stairwaymortgage.com/case-studies/fix-and-flip-loan/","",0,OK
"https://www.stairwaymortgage.com/case-studies/foreign-national-loan-cash-out-refinance/",200,"https://www.stairwaymortgage.com/case-studies/foreign-national-loan-cash-out-refinance/","",0,OK
"https://www.stairwaymortgage.com/case-studies/foreign-national-loan-refinance/",200,"https://www.stairwaymortgage.com/case-studies/foreign-national-loan-refinance/","",0,OK
"https://www.stairwaymortgage.com/case-studies/foreign-national-loan/",200,"https://www.stairwaymortgage.com/case-studies/foreign-national-loan/","",0,OK
"https://www.stairwaymortgage.com/case-studies/hard-money-loan-cash-out-refinance/",200,"https://www.stairwaymortgage.com/case-studies/hard-money-loan-cash-out-refinance/","",0,OK
"https://www.stairwaymortgage.com/case-studies/hard-money-loan/",200,"https://www.stairwaymortgage.com/case-studies/hard-money-loan/","",0,OK
"https://www.stairwaymortgage.com/case-studies/heloc/",200,"https://www.stairwaymortgage.com/case-studies/heloc/","",0,OK
"https://www.stairwaymortgage.com/case-studies/home-equity-loan/",200,"https://www.stairwaymortgage.com/case-studies/home-equity-loan/","",0,OK
"https://www.stairwaymortgage.com/case-studies/home-improvement-loan/",200,"https://www.stairwaymortgage.com/case-studies/home-improvement-loan/","",0,OK
"https://www.stairwaymortgage.com/case-studies/homestyle-renovation-loan-refinance/",200,"https://www.stairwaymortgage.com/case-studies/homestyle-renovation-loan-refinance/","",0,OK
"https://www.stairwaymortgage.com/case-studies/homestyle-renovation-loan/",200,"https://www.stairwaymortgage.com/case-studies/homestyle-renovation-loan/","",0,OK
"https://www.stairwaymortgage.com/case-studies/itin-loan-cash-out-refinance/",200,"https://www.stairwaymortgage.com/case-studies/itin-loan-cash-out-refinance/","",0,OK
"https://www.stairwaymortgage.com/case-studies/itin-loan-refinance/",200,"https://www.stairwaymortgage.com/case-studies/itin-loan-refinance/","",0,OK
"https://www.stairwaymortgage.com/case-studies/itin-loan/",200,"https://www.stairwaymortgage.com/case-studies/itin-loan/","",0,OK
"https://www.stairwaymortgage.com/case-studies/jumbo-construction-loan/",200,"https://www.stairwaymortgage.com/case-studies/jumbo-construction-loan/","",0,OK
"https://www.stairwaymortgage.com/case-studies/jumbo-loan-cash-out-refinance/",200,"https://www.stairwaymortgage.com/case-studies/jumbo-loan-cash-out-refinance/","",0,OK
"https://www.stairwaymortgage.com/case-studies/jumbo-loan-refinance/",200,"https://www.stairwaymortgage.com/case-studies/jumbo-loan-refinance/","",0,OK
"https://www.stairwaymortgage.com/case-studies/jumbo-loan/",200,"https://www.stairwaymortgage.com/case-studies/jumbo-loan/","",0,OK
"https://www.stairwaymortgage.com/case-studies/no-doc-loan-cash-out-refinance/",200,"https://www.stairwaymortgage.com/case-studies/no-doc-loan-cash-out-refinance/","",0,OK
"https://www.stairwaymortgage.com/case-studies/no-doc-loan-refinance/",200,"https://www.stairwaymortgage.com/case-studies/no-doc-loan-refinance/","",0,OK
"https://www.stairwaymortgage.com/case-studies/no-doc-loan/",200,"https://www.stairwaymortgage.com/case-studies/no-doc-loan/","",0,OK
"https://www.stairwaymortgage.com/case-studies/non-warrantable-condo-loan-cash-out-refinance/",200,"https://www.stairwaymortgage.com/case-studies/non-warrantable-condo-loan-cash-out-refinance/","",0,OK
"https://www.stairwaymortgage.com/case-studies/non-warrantable-condo-loan-refinance/",200,"https://www.stairwaymortgage.com/case-studies/non-warrantable-condo-loan-refinance/","",0,OK
"https://www.stairwaymortgage.com/case-studies/non-warrantable-condo-loan/",200,"https://www.stairwaymortgage.com/case-studies/non-warrantable-condo-loan/","",0,OK
"https://www.stairwaymortgage.com/case-studies/off-market-deal/",200,"https://www.stairwaymortgage.com/case-studies/off-market-deal/","",0,OK
"https://www.stairwaymortgage.com/case-studies/p-and-l-loan-cash-out-refinance/",200,"https://www.stairwaymortgage.com/case-studies/p-and-l-loan-cash-out-refinance/","",0,OK
"https://www.stairwaymortgage.com/case-studies/p-and-l-loan-refinance/",200,"https://www.stairwaymortgage.com/case-studies/p-and-l-loan-refinance/","",0,OK
"https://www.stairwaymortgage.com/case-studies/p-and-l-loan/",200,"https://www.stairwaymortgage.com/case-studies/p-and-l-loan/","",0,OK
"https://www.stairwaymortgage.com/case-studies/portfolio-loan-cash-out-refinance/",200,"https://www.stairwaymortgage.com/case-studies/portfolio-loan-cash-out-refinance/","",0,OK
"https://www.stairwaymortgage.com/case-studies/portfolio-loan-refinance/",200,"https://www.stairwaymortgage.com/case-studies/portfolio-loan-refinance/","",0,OK
"https://www.stairwaymortgage.com/case-studies/portfolio-loan/",200,"https://www.stairwaymortgage.com/case-studies/portfolio-loan/","",0,OK
"https://www.stairwaymortgage.com/case-studies/resort-condo-loan-cash-out-refinance/",200,"https://www.stairwaymortgage.com/case-studies/resort-condo-loan-cash-out-refinance/","",0,OK
"https://www.stairwaymortgage.com/case-studies/resort-condo-loan-refinance/",200,"https://www.stairwaymortgage.com/case-studies/resort-condo-loan-refinance/","",0,OK
"https://www.stairwaymortgage.com/case-studies/resort-condo-loan/",200,"https://www.stairwaymortgage.com/case-studies/resort-condo-loan/","",0,OK
"https://www.stairwaymortgage.com/case-studies/reverse-mortgage-cash-out-refinance/",200,"https://www.stairwaymortgage.com/case-studies/reverse-mortgage-cash-out-refinance/","",0,OK
"https://www.stairwaymortgage.com/case-studies/reverse-mortgage-income/",200,"https://www.stairwaymortgage.com/case-studies/reverse-mortgage-income/","",0,OK
"https://www.stairwaymortgage.com/case-studies/reverse-mortgage-refinance/",200,"https://www.stairwaymortgage.com/case-studies/reverse-mortgage-refinance/","",0,OK
"https://www.stairwaymortgage.com/case-studies/reverse-mortgage/",200,"https://www.stairwaymortgage.com/case-studies/reverse-mortgage/","",0,OK
"https://www.stairwaymortgage.com/case-studies/section-184-loan-cash-out-refinance/",200,"https://www.stairwaymortgage.com/case-studies/section-184-loan-cash-out-refinance/","",0,OK
"https://www.stairwaymortgage.com/case-studies/section-184-loan-refinance/",200,"https://www.stairwaymortgage.com/case-studies/section-184-loan-refinance/","",0,OK
"https://www.stairwaymortgage.com/case-studies/section-184-loan/",200,"https://www.stairwaymortgage.com/case-studies/section-184-loan/","",0,OK
"https://www.stairwaymortgage.com/case-studies/stated-income-loan-cash-out-refinance/",200,"https://www.stairwaymortgage.com/case-studies/stated-income-loan-cash-out-refinance/","",0,OK
"https://www.stairwaymortgage.com/case-studies/stated-income-loan-refinance/",200,"https://www.stairwaymortgage.com/case-studies/stated-income-loan-refinance/","",0,OK
"https://www.stairwaymortgage.com/case-studies/stated-income-loan/",200,"https://www.stairwaymortgage.com/case-studies/stated-income-loan/","",0,OK
"https://www.stairwaymortgage.com/case-studies/usda-construction-loan/",200,"https://www.stairwaymortgage.com/case-studies/usda-construction-loan/","",0,OK
"https://www.stairwaymortgage.com/case-studies/usda-loan-cash-out-refinance/",200,"https://www.stairwaymortgage.com/case-studies/usda-loan-cash-out-refinance/","",0,OK
"https://www.stairwaymortgage.com/case-studies/usda-loan-refinance/",200,"https://www.stairwaymortgage.com/case-studies/usda-loan-refinance/","",0,OK
"https://www.stairwaymortgage.com/case-studies/usda-loan/",200,"https://www.stairwaymortgage.com/case-studies/usda-loan/","",0,OK
"https://www.stairwaymortgage.com/case-studies/va-construction-loan/",200,"https://www.stairwaymortgage.com/case-studies/va-construction-loan/","",0,OK
"https://www.stairwaymortgage.com/case-studies/va-irrrl/",200,"https://www.stairwaymortgage.com/case-studies/va-irrrl/","",0,OK
"https://www.stairwaymortgage.com/case-studies/va-loan-cash-out-refinance/",200,"https://www.stairwaymortgage.com/case-studies/va-loan-cash-out-refinance/","",0,OK
"https://www.stairwaymortgage.com/case-studies/va-loan-refinance/",200,"https://www.stairwaymortgage.com/case-studies/va-loan-refinance/","",0,OK
"https://www.stairwaymortgage.com/case-studies/va-loan/",200,"https://www.stairwaymortgage.com/case-studies/va-loan/","",0,OK
"https://www.stairwaymortgage.com/cash-flow-real-estate-vs-appreciation-real-estate/",404,"https://www.stairwaymortgage.com/cash-flow-real-estate-vs-appreciation-real-estate/","/blog/cash-flow-real-estate-vs-appreciation-real-estate/",0.8,301
"https://www.stairwaymortgage.com/cash-out-refi-upgrade-invest-or-consolidate/",404,"https://www.stairwaymortgage.com/cash-out-refi-upgrade-invest-or-consolidate/","",0,REBUILD
"https://www.stairwaymortgage.com/cash-out-refinance-investment-property/",404,"https://www.stairwaymortgage.com/cash-out-refinance-investment-property/","/blog/cash-out-refinance-investment-property/",0.8,301
"https://www.stairwaymortgage.com/cash-out-refinance-vs-heloc/",404,"https://www.stairwaymortgage.com/cash-out-refinance-vs-heloc/","/blog/cash-out-refinance-vs-heloc/",0.8,301
"https://www.stairwaymortgage.com/certified-stairway-advisor/",200,"https://www.stairwaymortgage.com/certified-stairway-advisor/","",0,OK
"https://www.stairwaymortgage.com/charitable-donations-and-tax-deductions/",404,"https://www.stairwaymortgage.com/charitable-donations-and-tax-deductions/","/blog/charitable-donations-and-tax-deductions/",0.8,301
"https://www.stairwaymortgage.com/charitable-remainder-annuity-trust/",404,"https://www.stairwaymortgage.com/charitable-remainder-annuity-trust/","/blog/charitable-remainder-annuity-trust/",0.8,301
"https://www.stairwaymortgage.com/checkout/",200,"https://www.stairwaymortgage.com/","",0,OK
"https://www.stairwaymortgage.com/client-stories/",404,"https://www.stairwaymortgage.com/client-stories/","",0,REBUILD
"https://www.stairwaymortgage.com/closing-costs-for-buyers/",404,"https://www.stairwaymortgage.com/closing-costs-for-buyers/","/blog/closing-costs-for-buyers/",0.8,301
"https://www.stairwaymortgage.com/closing-on-a-house/",404,"https://www.stairwaymortgage.com/closing-on-a-house/","/blog/closing-on-a-house/",0.8,301
"https://www.stairwaymortgage.com/college-savings/",404,"https://www.stairwaymortgage.com/college-savings/","/blog/college-savings/",0.8,301
"https://www.stairwaymortgage.com/comfort-vs-cash-flow-decision-matrix/",404,"https://www.stairwaymortgage.com/comfort-vs-cash-flow-decision-matrix/","",0,REBUILD
"https://www.stairwaymortgage.com/commercial-real-estate-analysis/",404,"https://www.stairwaymortgage.com/commercial-real-estate-analysis/","/blog/commercial-real-estate-analysis/",0.8,301
"https://www.stairwaymortgage.com/common-reverse-mortgage-myths-debunked-with-real-facts/",404,"https://www.stairwaymortgage.com/common-reverse-mortgage-myths-debunked-with-real-facts/","",0,REBUILD
"https://www.stairwaymortgage.com/community-causes/",200,"https://www.stairwaymortgage.com/community-causes/","",0,OK
"https://www.stairwaymortgage.com/conservation-easement-tax-deduction/",404,"https://www.stairwaymortgage.com/conservation-easement-tax-deduction/","/blog/conservation-easement-tax-deduction/",0.8,301
"https://www.stairwaymortgage.com/construction-to-permanent-loan/",404,"https://www.stairwaymortgage.com/construction-to-permanent-loan/","/blog/construction-to-permanent-loan/",0.8,301
"https://www.stairwaymortgage.com/contact-us/",200,"https://www.stairwaymortgage.com/contact-us/","",0,OK
"https://www.stairwaymortgage.com/corporate-executives/",200,"https://www.stairwaymortgage.com/corporate-executives/","",0,OK
"https://www.stairwaymortgage.com/cost-segregation-real-estate/",404,"https://www.stairwaymortgage.com/cost-segregation-real-estate/","/blog/cost-segregation-real-estate/",0.8,301
"https://www.stairwaymortgage.com/courses/",200,"https://www.stairwaymortgage.com/courses/","",0,OK
"https://www.stairwaymortgage.com/creative-earners/",200,"https://www.stairwaymortgage.com/creative-earners/","",0,OK
"https://www.stairwaymortgage.com/creative-financing-real-estate/",404,"https://www.stairwaymortgage.com/creative-financing-real-estate/","/blog/creative-financing-real-estate/",0.8,301
"https://www.stairwaymortgage.com/crowd-funding-for-startup-company/",404,"https://www.stairwaymortgage.com/crowd-funding-for-startup-company/","/blog/crowd-funding-for-startup-company/",0.8,301
"https://www.stairwaymortgage.com/csa/",200,"https://www.stairwaymortgage.com/certified-stairway-advisor/","",0,OK
"https://www.stairwaymortgage.com/current-rates/",200,"https://www.stairwaymortgage.com/current-rates/","",0,OK
"https://www.stairwaymortgage.com/debt-consolidation-refinance/",404,"https://www.stairwaymortgage.com/debt-consolidation-refinance/","/blog/debt-consolidation-refinance/",0.8,301
"https://www.stairwaymortgage.com/dental-medicine-mortgage/",200,"https://www.stairwaymortgage.com/dental-wellness-professionals/","",0,OK
"https://www.stairwaymortgage.com/dental-wellness-professionals/",200,"https://www.stairwaymortgage.com/dental-wellness-professionals/","",0,OK
"https://www.stairwaymortgage.com/dentist-mortgage/",200,"https://www.stairwaymortgage.com/dental-wellness-professionals/dentist/","",0,OK
"https://www.stairwaymortgage.com/discovery-quiz/",200,"https://www.stairwaymortgage.com/discovery-quiz/","",0,OK
"https://www.stairwaymortgage.com/divorce-mortgage/",404,"https://www.stairwaymortgage.com/divorce-mortgage/","/blog/divorce-mortgage/",0.8,301
"https://www.stairwaymortgage.com/do-not-share-info/",200,"https://www.stairwaymortgage.com/privacy/","",0,OK
"https://www.stairwaymortgage.com/downsizing-home-for-seniors/",404,"https://www.stairwaymortgage.com/downsizing-home-for-seniors/","/blog/downsizing-home-for-seniors/",0.8,301
"https://www.stairwaymortgage.com/dscr-loan-meaning/",404,"https://www.stairwaymortgage.com/dscr-loan-meaning/","/blog/dscr-loan-meaning/",0.8,301
"https://www.stairwaymortgage.com/escrow-account/",404,"https://www.stairwaymortgage.com/escrow-account/","/blog/escrow-account/",0.8,301
"https://www.stairwaymortgage.com/family-limited-partnership/",404,"https://www.stairwaymortgage.com/family-limited-partnership/","/blog/family-limited-partnership/",0.8,301
"https://www.stairwaymortgage.com/family-planning-inheritance-guide/",404,"https://www.stairwaymortgage.com/family-planning-inheritance-guide/","",0,REBUILD
"https://www.stairwaymortgage.com/fha-loan-qualifications/",404,"https://www.stairwaymortgage.com/fha-loan-qualifications/","/blog/fha-loan-qualifications/",0.8,301
"https://www.stairwaymortgage.com/fha-vs-conventional/",404,"https://www.stairwaymortgage.com/fha-vs-conventional/","/blog/fha-vs-conventional/",0.8,301
"https://www.stairwaymortgage.com/final-walkthrough-before-closing/",404,"https://www.stairwaymortgage.com/final-walkthrough-before-closing/","/blog/final-walkthrough-before-closing/",0.8,301
"https://www.stairwaymortgage.com/finance-professionals/",200,"https://www.stairwaymortgage.com/financial-planners/","",0,OK
"https://www.stairwaymortgage.com/financial-planners/",200,"https://www.stairwaymortgage.com/financial-planners/","",0,OK
"https://www.stairwaymortgage.com/find-a-mortgage-broker/",200,"https://www.stairwaymortgage.com/","",0,OK
"https://www.stairwaymortgage.com/find-a-tenant-journey/",200,"https://www.stairwaymortgage.com/find-a-tenant-journey/","",0,OK
"https://www.stairwaymortgage.com/find-broker/",404,"https://www.stairwaymortgage.com/find-broker/","",0,REBUILD
"https://www.stairwaymortgage.com/first-credit-card/",404,"https://www.stairwaymortgage.com/first-credit-card/","/blog/first-credit-card/",0.8,301
"https://www.stairwaymortgage.com/first-time-buyer-quiz/",200,"https://www.stairwaymortgage.com/discovery-quiz/","",0,OK
"https://www.stairwaymortgage.com/first-time-buyers-journey/",200,"https://www.stairwaymortgage.com/first-time-buyers-journey/","",0,OK
"https://www.stairwaymortgage.com/first-time-home-buyer-assistance/",404,"https://www.stairwaymortgage.com/first-time-home-buyer-assistance/","/blog/first-time-home-buyer-assistance/",0.8,301
"https://www.stairwaymortgage.com/first-time-home-buyer-down-payment-assistance/",404,"https://www.stairwaymortgage.com/first-time-home-buyer-down-payment-assistance/","/blog/first-time-home-buyer-down-payment-assistance/",0.8,301
"https://www.stairwaymortgage.com/first-time-home-buyer-email-verification/",200,"https://www.stairwaymortgage.com/","",0,OK
"https://www.stairwaymortgage.com/first-time-home-buyer-mistakes/",404,"https://www.stairwaymortgage.com/first-time-home-buyer-mistakes/","/blog/first-time-home-buyer-mistakes/",0.8,301
"https://www.stairwaymortgage.com/first-time-home-buyer-programs/",404,"https://www.stairwaymortgage.com/first-time-home-buyer-programs/","/blog/first-time-home-buyer-programs/",0.8,301
"https://www.stairwaymortgage.com/first-time-home-buyer-tips/",404,"https://www.stairwaymortgage.com/first-time-home-buyer-tips/","/blog/first-time-home-buyer-tips/",0.8,301
"https://www.stairwaymortgage.com/first-time-homebuyer-checklist/",404,"https://www.stairwaymortgage.com/first-time-homebuyer-checklist/","/blog/first-time-homebuyer-checklist/",0.8,301
"https://www.stairwaymortgage.com/first-time-investor-email-verification/",200,"https://www.stairwaymortgage.com/","",0,OK
"https://www.stairwaymortgage.com/first-time-investor-quiz/",200,"https://www.stairwaymortgage.com/discovery-quiz/","",0,OK
"https://www.stairwaymortgage.com/first-time-investors-journey/",200,"https://www.stairwaymortgage.com/the-8-steps/first-time-investor/","",0,OK
"https://www.stairwaymortgage.com/fixed-vs-arm-comparison-worksheet/",404,"https://www.stairwaymortgage.com/fixed-vs-arm-comparison-worksheet/","",0,REBUILD
"https://www.stairwaymortgage.com/founder-philosophy-values/",200,"https://www.stairwaymortgage.com/founder-philosophy-values/","",0,OK
"https://www.stairwaymortgage.com/free-credit-report/",200,"https://www.stairwaymortgage.com/","",0,OK
"https://www.stairwaymortgage.com/get-a-local-intro/",404,"https://www.stairwaymortgage.com/get-a-local-intro/","",0,REBUILD
"https://www.stairwaymortgage.com/get-a-local-introduction/",200,"https://www.stairwaymortgage.com/get-a-local-introduction/","",0,OK
"https://www.stairwaymortgage.com/get-approved/",403,"https://stairwaymortgage.my1003app.com/register","",0,ALREADY-REDIRECTED
"https://www.stairwaymortgage.com/gift-money/",404,"https://www.stairwaymortgage.com/gift-money/","/blog/gift-money/",0.8,301
"https://www.stairwaymortgage.com/guides-3/",404,"https://www.stairwaymortgage.com/guides-3/","",0,REBUILD
"https://www.stairwaymortgage.com/guides/",200,"https://www.stairwaymortgage.com/guides/","",0,OK
"https://www.stairwaymortgage.com/hecm-for-purchase/",404,"https://www.stairwaymortgage.com/hecm-for-purchase/","/blog/hecm-for-purchase/",0.8,301
"https://www.stairwaymortgage.com/home-improvements-best-roi/",404,"https://www.stairwaymortgage.com/home-improvements-best-roi/","/blog/home-improvements-best-roi/",0.8,301
"https://www.stairwaymortgage.com/home-inspection-checklist-for-buyers/",404,"https://www.stairwaymortgage.com/home-inspection-checklist-for-buyers/","/blog/home-inspection-checklist-for-buyers/",0.8,301
"https://www.stairwaymortgage.com/home-loan-timeline/",404,"https://www.stairwaymortgage.com/home-loan-timeline/","",0,REBUILD
"https://www.stairwaymortgage.com/home-purchase-budget/",404,"https://www.stairwaymortgage.com/home-purchase-budget/","/blog/home-purchase-budget/",0.8,301
"https://www.stairwaymortgage.com/home-renovation/",404,"https://www.stairwaymortgage.com/home-renovation/","/blog/home-renovation/",0.8,301
"https://www.stairwaymortgage.com/home-value-report/",200,"https://www.stairwaymortgage.com/home-value-report/","",0,OK
"https://www.stairwaymortgage.com/homeowner-email-verification/",200,"https://www.stairwaymortgage.com/","",0,OK
"https://www.stairwaymortgage.com/homeowner-maintenance-checklist/",404,"https://www.stairwaymortgage.com/homeowner-maintenance-checklist/","/blog/homeowner-maintenance-checklist/",0.8,301
"https://www.stairwaymortgage.com/homeowner-quiz/",200,"https://www.stairwaymortgage.com/discovery-quiz/","",0,OK
"https://www.stairwaymortgage.com/homeowners-insurance-review/",404,"https://www.stairwaymortgage.com/homeowners-insurance-review/","/blog/homeowners-insurance-review/",0.8,301
"https://www.stairwaymortgage.com/homeowners-journey/",200,"https://www.stairwaymortgage.com/homeowners-journey/","",0,OK
"https://www.stairwaymortgage.com/house-hack-property-analyzer/",404,"https://www.stairwaymortgage.com/house-hack-property-analyzer/","",0,REBUILD
"https://www.stairwaymortgage.com/house-hacking/",404,"https://www.stairwaymortgage.com/house-hacking/","/blog/house-hacking/",0.8,301
"https://www.stairwaymortgage.com/house-renovation-cost/",404,"https://www.stairwaymortgage.com/house-renovation-cost/","/blog/house-renovation-cost/",0.8,301
"https://www.stairwaymortgage.com/how-adult-children-can-help-parents-navigate-a-reverse-mortgage/",404,"https://www.stairwaymortgage.com/how-adult-children-can-help-parents-navigate-a-reverse-mortgage/","",0,REBUILD
"https://www.stairwaymortgage.com/how-do-i-determine-my-homes-value/",404,"https://www.stairwaymortgage.com/how-do-i-determine-my-homes-value/","",0,REBUILD
"https://www.stairwaymortgage.com/how-do-i-find-a-great-real-estate-agent/",404,"https://www.stairwaymortgage.com/how-do-i-find-a-great-real-estate-agent/","",0,REBUILD
"https://www.stairwaymortgage.com/how-do-i-get-rid-of-pmi/",404,"https://www.stairwaymortgage.com/how-do-i-get-rid-of-pmi/","",0,REBUILD
"https://www.stairwaymortgage.com/how-do-i-know-if-im-ready-to-buy-a-home/",404,"https://www.stairwaymortgage.com/how-do-i-know-if-im-ready-to-buy-a-home/","",0,REBUILD
"https://www.stairwaymortgage.com/how-do-i-make-an-offer-on-a-home/",404,"https://www.stairwaymortgage.com/how-do-i-make-an-offer-on-a-home/","",0,REBUILD
"https://www.stairwaymortgage.com/how-do-i-negotiate-a-home-purchase/",404,"https://www.stairwaymortgage.com/how-do-i-negotiate-a-home-purchase/","",0,REBUILD
"https://www.stairwaymortgage.com/how-do-i-prepare-for-closing-day/",404,"https://www.stairwaymortgage.com/how-do-i-prepare-for-closing-day/","",0,REBUILD
"https://www.stairwaymortgage.com/how-do-i-save-for-a-down-payment/",404,"https://www.stairwaymortgage.com/how-do-i-save-for-a-down-payment/","",0,REBUILD
"https://www.stairwaymortgage.com/how-do-property-taxes-affect-my-mortgage-payment/",404,"https://www.stairwaymortgage.com/how-do-property-taxes-affect-my-mortgage-payment/","",0,REBUILD
"https://www.stairwaymortgage.com/how-does-a-down-payment-affect-my-mortgage/",404,"https://www.stairwaymortgage.com/how-does-a-down-payment-affect-my-mortgage/","",0,REBUILD
"https://www.stairwaymortgage.com/how-does-a-home-inspection-work/",404,"https://www.stairwaymortgage.com/how-does-a-home-inspection-work/","",0,REBUILD
"https://www.stairwaymortgage.com/how-does-a-reverse-mortgage-work/",404,"https://www.stairwaymortgage.com/how-does-a-reverse-mortgage-work/","",0,REBUILD
"https://www.stairwaymortgage.com/how-does-owning-a-home-impact-my-taxes/",404,"https://www.stairwaymortgage.com/how-does-owning-a-home-impact-my-taxes/","",0,REBUILD
"https://www.stairwaymortgage.com/how-does-refinancing-work/",404,"https://www.stairwaymortgage.com/how-does-refinancing-work/","",0,REBUILD
"https://www.stairwaymortgage.com/how-does-the-appraisal-process-work/",404,"https://www.stairwaymortgage.com/how-does-the-appraisal-process-work/","",0,REBUILD
"https://www.stairwaymortgage.com/how-does-the-mortgage-process-work/",404,"https://www.stairwaymortgage.com/how-does-the-mortgage-process-work/","",0,REBUILD
"https://www.stairwaymortgage.com/how-long-does-it-take-to-buy-a-home/",404,"https://www.stairwaymortgage.com/how-long-does-it-take-to-buy-a-home/","",0,REBUILD
"https://www.stairwaymortgage.com/how-much-can-you-actually-get-from-a-reverse-mortgage/",404,"https://www.stairwaymortgage.com/how-much-can-you-actually-get-from-a-reverse-mortgage/","",0,REBUILD
"https://www.stairwaymortgage.com/how-much-do-i-need-for-a-down-payment-home-purchase/",404,"https://www.stairwaymortgage.com/how-much-do-i-need-for-a-down-payment-home-purchase/","",0,REBUILD
"https://www.stairwaymortgage.com/how-much-home-can-i-afford/",404,"https://www.stairwaymortgage.com/how-much-home-can-i-afford/","",0,REBUILD
"https://www.stairwaymortgage.com/how-reverse-mortgage-works/",404,"https://www.stairwaymortgage.com/how-reverse-mortgage-works/","/blog/how-reverse-mortgage-works/",0.8,301
"https://www.stairwaymortgage.com/how-to-build-a-buy-box-and-stick-to-it/",404,"https://www.stairwaymortgage.com/how-to-build-a-buy-box-and-stick-to-it/","",0,REBUILD
"https://www.stairwaymortgage.com/how-to-find-investment-property/",404,"https://www.stairwaymortgage.com/how-to-find-investment-property/","/blog/how-to-find-investment-property/",0.8,301
"https://www.stairwaymortgage.com/how-to-find-investors-for-real-estate/",404,"https://www.stairwaymortgage.com/how-to-find-investors-for-real-estate/","/blog/how-to-find-investors-for-real-estate/",0.8,301
"https://www.stairwaymortgage.com/how-to-make-an-offer-on-a-house/",404,"https://www.stairwaymortgage.com/how-to-make-an-offer-on-a-house/","/blog/how-to-make-an-offer-on-a-house/",0.8,301
"https://www.stairwaymortgage.com/how-to-qualify-for-mortgage/",404,"https://www.stairwaymortgage.com/how-to-qualify-for-mortgage/","/blog/how-to-qualify-for-mortgage/",0.8,301
"https://www.stairwaymortgage.com/how-to-remove-pmi/",404,"https://www.stairwaymortgage.com/how-to-remove-pmi/","/blog/how-to-remove-pmi/",0.8,301
"https://www.stairwaymortgage.com/how-to-save-for-a-house/",404,"https://www.stairwaymortgage.com/how-to-save-for-a-house/","/blog/how-to-save-for-a-house/",0.8,301
"https://www.stairwaymortgage.com/how-to-use-a-reverse-mortgage-for-aging-in-place-without-compromise/",404,"https://www.stairwaymortgage.com/how-to-use-a-reverse-mortgage-for-aging-in-place-without-compromise/","",0,REBUILD
"https://www.stairwaymortgage.com/how-to-use-a-reverse-mortgage-to-preserve-wealth-not-just-access-it/",404,"https://www.stairwaymortgage.com/how-to-use-a-reverse-mortgage-to-preserve-wealth-not-just-access-it/","",0,REBUILD
"https://www.stairwaymortgage.com/how-to-use-equity-without-losing-your-rate/",404,"https://www.stairwaymortgage.com/how-to-use-equity-without-losing-your-rate/","",0,REBUILD
"https://www.stairwaymortgage.com/ideal-home/",404,"https://www.stairwaymortgage.com/ideal-home/","/blog/ideal-home/",0.8,301
"https://www.stairwaymortgage.com/improve-credit-score-for-mortgage/",404,"https://www.stairwaymortgage.com/improve-credit-score-for-mortgage/","/blog/improve-credit-score-for-mortgage/",0.8,301
"https://www.stairwaymortgage.com/insurance-brokers/",200,"https://www.stairwaymortgage.com/insurance-brokers/","",0,OK
"https://www.stairwaymortgage.com/intentionally-defective-grantor-trust/",404,"https://www.stairwaymortgage.com/intentionally-defective-grantor-trust/","/blog/intentionally-defective-grantor-trust/",0.8,301
"https://www.stairwaymortgage.com/intro-to-stairway-email-verification/",200,"https://www.stairwaymortgage.com/","",0,OK
"https://www.stairwaymortgage.com/invest-in-apartment-complexes/",404,"https://www.stairwaymortgage.com/invest-in-apartment-complexes/","/blog/invest-in-apartment-complexes/",0.8,301
"https://www.stairwaymortgage.com/invest-in-commercial-real-estate/",404,"https://www.stairwaymortgage.com/invest-in-commercial-real-estate/","/blog/invest-in-commercial-real-estate/",0.8,301
"https://www.stairwaymortgage.com/investment-property-analysis/",404,"https://www.stairwaymortgage.com/investment-property-analysis/","/blog/investment-property-analysis/",0.8,301
"https://www.stairwaymortgage.com/ira-planner-email-verification/",200,"https://www.stairwaymortgage.com/","",0,OK
"https://www.stairwaymortgage.com/irrevocable-asset-protection-trust/",404,"https://www.stairwaymortgage.com/irrevocable-asset-protection-trust/","/blog/irrevocable-asset-protection-trust/",0.8,301
"https://www.stairwaymortgage.com/is-reverse-mortgage-income-taxable/",404,"https://www.stairwaymortgage.com/is-reverse-mortgage-income-taxable/","/blog/is-reverse-mortgage-income-taxable/",0.8,301
"https://www.stairwaymortgage.com/jim-blackburn-mortgage-broker/",404,"https://www.stairwaymortgage.com/jim-blackburn-mortgage-broker/","",0,REBUILD
"https://www.stairwaymortgage.com/jim-blackburn-mortgage/",200,"https://www.stairwaymortgage.com/jim-blackburn-mortgage/","",0,OK
"https://www.stairwaymortgage.com/jim-linktree/",200,"https://www.stairwaymortgage.com/","",0,OK
"https://www.stairwaymortgage.com/join-our-partner-network/",200,"https://www.stairwaymortgage.com/realtors/","",0,OK
"https://www.stairwaymortgage.com/kerry-white/",404,"https://www.stairwaymortgage.com/kerry-white/","",0,REBUILD
"https://www.stairwaymortgage.com/landlord-insurance-for-rental-property/",404,"https://www.stairwaymortgage.com/landlord-insurance-for-rental-property/","/blog/landlord-insurance-for-rental-property/",0.8,301
"https://www.stairwaymortgage.com/landlord-responsibilities/",404,"https://www.stairwaymortgage.com/landlord-responsibilities/","/blog/landlord-responsibilities/",0.8,301
"https://www.stairwaymortgage.com/lawyers-for-estates-and-wills/",404,"https://www.stairwaymortgage.com/lawyers-for-estates-and-wills/","/blog/lawyers-for-estates-and-wills/",0.8,301
"https://www.stairwaymortgage.com/legacy-angel-email-verification/",200,"https://www.stairwaymortgage.com/","",0,OK
"https://www.stairwaymortgage.com/legacy-angel-quiz/",200,"https://www.stairwaymortgage.com/discovery-quiz/","",0,OK
"https://www.stairwaymortgage.com/legacy-angels-journey/",200,"https://www.stairwaymortgage.com/the-8-steps/legacy-angel/","",0,OK
"https://www.stairwaymortgage.com/legacy-planning/",404,"https://www.stairwaymortgage.com/legacy-planning/","/blog/legacy-planning/",0.8,301
"https://www.stairwaymortgage.com/legal-business-entrepreneurs/",200,"https://www.stairwaymortgage.com/professional-advisors/","",0,OK
"https://www.stairwaymortgage.com/leverage-to-wealth-tracker/",404,"https://www.stairwaymortgage.com/leverage-to-wealth-tracker/","",0,REBUILD
"https://www.stairwaymortgage.com/life-insurance-into-a-trust/",404,"https://www.stairwaymortgage.com/life-insurance-into-a-trust/","/blog/life-insurance-into-a-trust/",0.8,301
"https://www.stairwaymortgage.com/living-trust-setup-checklist/",404,"https://www.stairwaymortgage.com/living-trust-setup-checklist/","",0,REBUILD
"https://www.stairwaymortgage.com/llc-s-corp-vs-llc-c-corp/",404,"https://www.stairwaymortgage.com/llc-s-corp-vs-llc-c-corp/","/blog/llc-s-corp-vs-llc-c-corp/",0.8,301
"https://www.stairwaymortgage.com/loan-calculator/1031-exchange-calculator/",200,"https://www.stairwaymortgage.com/loan-calculator/1031-exchange-calculator/","",0,OK
"https://www.stairwaymortgage.com/loan-calculator/1031-exchange/",404,"https://www.stairwaymortgage.com/loan-calculator/1031-exchange/","/loan-calculators/",0.5,REVIEW
"https://www.stairwaymortgage.com/loan-calculator/1099-loan-cash-out-refinance/",200,"https://www.stairwaymortgage.com/loan-calculator/1099-loan-cash-out-refinance/","",0,OK
"https://www.stairwaymortgage.com/loan-calculator/1099-loan-refinance/",200,"https://www.stairwaymortgage.com/loan-calculator/1099-loan-refinance/","",0,OK
"https://www.stairwaymortgage.com/loan-calculator/1099-loan/",200,"https://www.stairwaymortgage.com/loan-calculator/1099-loan/","",0,OK
"https://www.stairwaymortgage.com/loan-calculator/15-vs-30-year-mortgage-rate-comparison/",200,"https://www.stairwaymortgage.com/loan-calculator/15-vs-30-year-mortgage-rate-comparison/","",0,OK
"https://www.stairwaymortgage.com/loan-calculator/50-30-20-budget-calculator/",200,"https://www.stairwaymortgage.com/loan-calculator/50-30-20-budget-calculator/","",0,OK
"https://www.stairwaymortgage.com/loan-calculator/amortization-calculator-with-extra-payments/",404,"https://www.stairwaymortgage.com/loan-calculator/amortization-calculator-with-extra-payments/","/loan-calculators/",0.5,REVIEW
"https://www.stairwaymortgage.com/loan-calculator/anti-steering-disclosure/",200,"https://www.stairwaymortgage.com/loan-calculator/anti-steering-disclosure/","",0,OK
"https://www.stairwaymortgage.com/loan-calculator/asset-based-loan-cash-out-refinance-calculator/",200,"https://www.stairwaymortgage.com/loan-calculator/asset-based-loan-cash-out-refinance-calculator/","",0,OK
"https://www.stairwaymortgage.com/loan-calculator/asset-based-loan-cash-out-refinance/",404,"https://www.stairwaymortgage.com/loan-calculator/asset-based-loan-cash-out-refinance/","/case-studies/asset-based-loan-cash-out-refinance/",0.8,301
"https://www.stairwaymortgage.com/loan-calculator/asset-based-loan-refinance/",200,"https://www.stairwaymortgage.com/loan-calculator/asset-based-loan-refinance/","",0,OK
"https://www.stairwaymortgage.com/loan-calculator/asset-based-loan/",200,"https://www.stairwaymortgage.com/loan-calculator/asset-based-loan/","",0,OK
"https://www.stairwaymortgage.com/loan-calculator/bah-home-affordability-calculator/",200,"https://www.stairwaymortgage.com/loan-calculator/bah-home-affordability-calculator/","",0,OK
"https://www.stairwaymortgage.com/loan-calculator/bank-statement-loan-cash-out-refinance/",200,"https://www.stairwaymortgage.com/loan-calculator/bank-statement-loan-cash-out-refinance/","",0,OK
"https://www.stairwaymortgage.com/loan-calculator/bank-statement-loan-refinance/",200,"https://www.stairwaymortgage.com/loan-calculator/bank-statement-loan-refinance/","",0,OK
"https://www.stairwaymortgage.com/loan-calculator/bank-statement-loan/",200,"https://www.stairwaymortgage.com/loan-calculator/bank-statement-loan/","",0,OK
"https://www.stairwaymortgage.com/loan-calculator/bridge-loan/",200,"https://www.stairwaymortgage.com/loan-calculator/bridge-loan/","",0,OK
"https://www.stairwaymortgage.com/loan-calculator/bridge-loans-tax-savings-recasting/",404,"https://www.stairwaymortgage.com/loan-calculator/bridge-loans-tax-savings-recasting/","/loan-calculators/",0.5,REVIEW
"https://www.stairwaymortgage.com/loan-calculator/brrrr-method/",200,"https://www.stairwaymortgage.com/loan-calculator/brrrr-method/","",0,OK
"https://www.stairwaymortgage.com/loan-calculator/build-to-rent/",200,"https://www.stairwaymortgage.com/loan-calculator/build-to-rent/","",0,OK
"https://www.stairwaymortgage.com/loan-calculator/build-to-sell-spec-home-calculator-acquire-build/",404,"https://www.stairwaymortgage.com/loan-calculator/build-to-sell-spec-home-calculator-acquire-build/","/loan-calculators/",0.5,REVIEW
"https://www.stairwaymortgage.com/loan-calculator/build-to-sell-spec-home-calculator-preowned-tear-down/",404,"https://www.stairwaymortgage.com/loan-calculator/build-to-sell-spec-home-calculator-preowned-tear-down/","/loan-calculators/",0.5,REVIEW
"https://www.stairwaymortgage.com/loan-calculator/build-to-sell/",200,"https://www.stairwaymortgage.com/loan-calculator/build-to-sell/","",0,OK
"https://www.stairwaymortgage.com/loan-calculator/buy-hold-real-estate-wealth-building/",404,"https://www.stairwaymortgage.com/loan-calculator/buy-hold-real-estate-wealth-building/","/loan-calculators/",0.5,REVIEW
"https://www.stairwaymortgage.com/loan-calculator/cap-rate-calculator/",404,"https://www.stairwaymortgage.com/loan-calculator/cap-rate-calculator/","/loan-calculators/",0.5,REVIEW
"https://www.stairwaymortgage.com/loan-calculator/capital-gains-calculator/",404,"https://www.stairwaymortgage.com/loan-calculator/capital-gains-calculator/","/loan-calculators/",0.5,REVIEW
"https://www.stairwaymortgage.com/loan-calculator/closing-costs-calculator-for-buyer/",200,"https://www.stairwaymortgage.com/loan-calculator/closing-costs-calculator-for-buyer/","",0,OK
"https://www.stairwaymortgage.com/loan-calculator/college-costs-calculator/",200,"https://www.stairwaymortgage.com/loan-calculator/college-costs-calculator/","",0,OK
"https://www.stairwaymortgage.com/loan-calculator/college-housing-costs-vs-investment-property/",404,"https://www.stairwaymortgage.com/loan-calculator/college-housing-costs-vs-investment-property/","/loan-calculators/",0.5,REVIEW
"https://www.stairwaymortgage.com/loan-calculator/compare-3-rate-payments-points-only/",200,"https://www.stairwaymortgage.com/loan-calculator/compare-3-rate-payments-points-only/","",0,OK
"https://www.stairwaymortgage.com/loan-calculator/compare-3-rate-payments-total-costs/",200,"https://www.stairwaymortgage.com/loan-calculator/compare-3-rate-payments-total-costs/","",0,OK
"https://www.stairwaymortgage.com/loan-calculator/compare-mortgage-rates-calculator/",200,"https://www.stairwaymortgage.com/loan-calculator/compare-mortgage-rates-calculator/","",0,OK
"https://www.stairwaymortgage.com/loan-calculator/condotel-loan-cash-out-refinance/",200,"https://www.stairwaymortgage.com/loan-calculator/condotel-loan-cash-out-refinance/","",0,OK
"https://www.stairwaymortgage.com/loan-calculator/condotel-loan-refinance/",200,"https://www.stairwaymortgage.com/loan-calculator/condotel-loan-refinance/","",0,OK
"https://www.stairwaymortgage.com/loan-calculator/condotel-loan/",200,"https://www.stairwaymortgage.com/loan-calculator/condotel-loan/","",0,OK
"https://www.stairwaymortgage.com/loan-calculator/construction-loan/",404,"https://www.stairwaymortgage.com/loan-calculator/construction-loan/","/case-studies/construction-loan/",0.8,301
"https://www.stairwaymortgage.com/loan-calculator/construction-to-perm-loan/",404,"https://www.stairwaymortgage.com/loan-calculator/construction-to-perm-loan/","/loan-calculators/",0.5,REVIEW
"https://www.stairwaymortgage.com/loan-calculator/conventional-cash-out-refinance/",404,"https://www.stairwaymortgage.com/loan-calculator/conventional-cash-out-refinance/","/loan-programs/conventional-cash-out-refinance/",0.8,301
"https://www.stairwaymortgage.com/loan-calculator/conventional-construction-loan/",200,"https://www.stairwaymortgage.com/loan-calculator/conventional-construction-loan/","",0,OK
"https://www.stairwaymortgage.com/loan-calculator/conventional-loan-cash-out-refinance/",200,"https://www.stairwaymortgage.com/loan-calculator/conventional-loan-cash-out-refinance/","",0,OK
"https://www.stairwaymortgage.com/loan-calculator/conventional-loan-purchase/",404,"https://www.stairwaymortgage.com/loan-calculator/conventional-loan-purchase/","/loan-calculators/",0.5,REVIEW
"https://www.stairwaymortgage.com/loan-calculator/conventional-loan-refinance/",200,"https://www.stairwaymortgage.com/loan-calculator/conventional-loan-refinance/","",0,OK
"https://www.stairwaymortgage.com/loan-calculator/conventional-loan/",200,"https://www.stairwaymortgage.com/loan-calculator/conventional-loan/","",0,OK
"https://www.stairwaymortgage.com/loan-calculator/conventional-new-construction-loan/",404,"https://www.stairwaymortgage.com/loan-calculator/conventional-new-construction-loan/","/loan-calculators/",0.5,REVIEW
"https://www.stairwaymortgage.com/loan-calculator/conventional-refinance/",404,"https://www.stairwaymortgage.com/loan-calculator/conventional-refinance/","/loan-programs/conventional-refinance/",0.8,301
"https://www.stairwaymortgage.com/loan-calculator/debt-consolidation-calculator/",200,"https://www.stairwaymortgage.com/loan-calculator/debt-consolidation-calculator/","",0,OK
"https://www.stairwaymortgage.com/loan-calculator/debt-ratio-calculator/",200,"https://www.stairwaymortgage.com/loan-calculator/debt-ratio-calculator/","",0,OK
"https://www.stairwaymortgage.com/loan-calculator/debt-service-coverage-ratio-calculator/",200,"https://www.stairwaymortgage.com/loan-calculator/debt-service-coverage-ratio-calculator/","",0,OK
"https://www.stairwaymortgage.com/loan-calculator/down-payment-assistance/",200,"https://www.stairwaymortgage.com/loan-calculator/down-payment-assistance/","",0,OK
"https://www.stairwaymortgage.com/loan-calculator/dscr-cash-out-refinance-loan/",404,"https://www.stairwaymortgage.com/loan-calculator/dscr-cash-out-refinance-loan/","/loan-calculators/",0.5,REVIEW
"https://www.stairwaymortgage.com/loan-calculator/dscr-loan-cash-out-refinance/",404,"https://www.stairwaymortgage.com/loan-calculator/dscr-loan-cash-out-refinance/","/case-studies/dscr-loan-cash-out-refinance/",0.8,301
"https://www.stairwaymortgage.com/loan-calculator/dscr-loan-refinance/",200,"https://www.stairwaymortgage.com/loan-calculator/dscr-loan-refinance/","",0,OK
"https://www.stairwaymortgage.com/loan-calculator/dscr-loan/",200,"https://www.stairwaymortgage.com/loan-calculator/dscr-loan/","",0,OK
"https://www.stairwaymortgage.com/loan-calculator/dscr-purchase-loan/",404,"https://www.stairwaymortgage.com/loan-calculator/dscr-purchase-loan/","/loan-calculators/",0.5,REVIEW
"https://www.stairwaymortgage.com/loan-calculator/dscr-refinance-loan/",404,"https://www.stairwaymortgage.com/loan-calculator/dscr-refinance-loan/","/loan-calculators/",0.5,REVIEW
"https://www.stairwaymortgage.com/loan-calculator/estimate-mortgage-payment/",200,"https://www.stairwaymortgage.com/loan-calculator/estimate-mortgage-payment/","",0,OK
"https://www.stairwaymortgage.com/loan-calculator/fannie-mae-homestyle-purchase-loan/",404,"https://www.stairwaymortgage.com/loan-calculator/fannie-mae-homestyle-purchase-loan/","/loan-calculators/",0.5,REVIEW
"https://www.stairwaymortgage.com/loan-calculator/fannie-mae-homestyle-renovation-refinance-loan/",404,"https://www.stairwaymortgage.com/loan-calculator/fannie-mae-homestyle-renovation-refinance-loan/","/loan-calculators/",0.5,REVIEW
"https://www.stairwaymortgage.com/loan-calculator/fha-203k-loan-refinance/",200,"https://www.stairwaymortgage.com/loan-calculator/fha-203k-loan-refinance/","",0,OK
"https://www.stairwaymortgage.com/loan-calculator/fha-203k-loan/",200,"https://www.stairwaymortgage.com/loan-calculator/fha-203k-loan/","",0,OK
"https://www.stairwaymortgage.com/loan-calculator/fha-203k-renovation-loan-purchase/",404,"https://www.stairwaymortgage.com/loan-calculator/fha-203k-renovation-loan-purchase/","/loan-calculators/",0.5,REVIEW
"https://www.stairwaymortgage.com/loan-calculator/fha-203k-renovation-refinance-loan/",404,"https://www.stairwaymortgage.com/loan-calculator/fha-203k-renovation-refinance-loan/","/loan-calculators/",0.5,REVIEW
"https://www.stairwaymortgage.com/loan-calculator/fha-cash-out-refinance-loan/",404,"https://www.stairwaymortgage.com/loan-calculator/fha-cash-out-refinance-loan/","/loan-calculators/",0.5,REVIEW
"https://www.stairwaymortgage.com/loan-calculator/fha-construction-loan/",200,"https://www.stairwaymortgage.com/loan-calculator/fha-construction-loan/","",0,OK
"https://www.stairwaymortgage.com/loan-calculator/fha-loan-cash-out-refinance/",200,"https://www.stairwaymortgage.com/loan-calculator/fha-loan-cash-out-refinance/","",0,OK
"https://www.stairwaymortgage.com/loan-calculator/fha-loan-multifamily/",200,"https://www.stairwaymortgage.com/loan-calculator/fha-loan-multifamily/","",0,OK
"https://www.stairwaymortgage.com/loan-calculator/fha-loan-refinance/",200,"https://www.stairwaymortgage.com/loan-calculator/fha-loan-refinance/","",0,OK
"https://www.stairwaymortgage.com/loan-calculator/fha-loan/",200,"https://www.stairwaymortgage.com/loan-calculator/fha-loan/","",0,OK
"https://www.stairwaymortgage.com/loan-calculator/fha-multiunit-purchase/",404,"https://www.stairwaymortgage.com/loan-calculator/fha-multiunit-purchase/","/loan-calculators/",0.5,REVIEW
"https://www.stairwaymortgage.com/loan-calculator/fha-new-construction-loan-purchase/",404,"https://www.stairwaymortgage.com/loan-calculator/fha-new-construction-loan-purchase/","/loan-calculators/",0.5,REVIEW
"https://www.stairwaymortgage.com/loan-calculator/fha-purchase-loan/",404,"https://www.stairwaymortgage.com/loan-calculator/fha-purchase-loan/","/loan-calculators/",0.5,REVIEW
"https://www.stairwaymortgage.com/loan-calculator/fha-streamline-refinance-loan/",404,"https://www.stairwaymortgage.com/loan-calculator/fha-streamline-refinance-loan/","/loan-calculators/",0.5,REVIEW
"https://www.stairwaymortgage.com/loan-calculator/fha-streamline-refinance/",200,"https://www.stairwaymortgage.com/loan-calculator/fha-streamline-refinance/","",0,OK
"https://www.stairwaymortgage.com/loan-calculator/fix-and-flip-loan/",200,"https://www.stairwaymortgage.com/loan-calculator/fix-and-flip-loan/","",0,OK
"https://www.stairwaymortgage.com/loan-calculator/fix-flip-loan/",404,"https://www.stairwaymortgage.com/loan-calculator/fix-flip-loan/","/loan-calculators/",0.5,REVIEW
"https://www.stairwaymortgage.com/loan-calculator/flood-insurance-calculator/",200,"https://www.stairwaymortgage.com/loan-calculator/flood-insurance-calculator/","",0,OK
"https://www.stairwaymortgage.com/loan-calculator/foreign-national-loan-cash-out-refinance/",200,"https://www.stairwaymortgage.com/loan-calculator/foreign-national-loan-cash-out-refinance/","",0,OK
"https://www.stairwaymortgage.com/loan-calculator/foreign-national-loan-refinance/",200,"https://www.stairwaymortgage.com/loan-calculator/foreign-national-loan-refinance/","",0,OK
"https://www.stairwaymortgage.com/loan-calculator/foreign-national-loan/",200,"https://www.stairwaymortgage.com/loan-calculator/foreign-national-loan/","",0,OK
"https://www.stairwaymortgage.com/loan-calculator/hard-money-loan/",200,"https://www.stairwaymortgage.com/loan-calculator/hard-money-loan/","",0,OK
"https://www.stairwaymortgage.com/loan-calculator/heloc-loan-payment/",404,"https://www.stairwaymortgage.com/loan-calculator/heloc-loan-payment/","/loan-calculators/",0.5,REVIEW
"https://www.stairwaymortgage.com/loan-calculator/heloc/",200,"https://www.stairwaymortgage.com/loan-calculator/heloc/","",0,OK
"https://www.stairwaymortgage.com/loan-calculator/home-affordability-calculator/",200,"https://www.stairwaymortgage.com/loan-calculator/home-affordability-calculator/","",0,OK
"https://www.stairwaymortgage.com/loan-calculator/home-equity-loan/",200,"https://www.stairwaymortgage.com/loan-calculator/home-equity-loan/","",0,OK
"https://www.stairwaymortgage.com/loan-calculator/home-improvement-loan/",200,"https://www.stairwaymortgage.com/loan-calculator/home-improvement-loan/","",0,OK
"https://www.stairwaymortgage.com/loan-calculator/homestyle-renovation-loan-refinance/",200,"https://www.stairwaymortgage.com/loan-calculator/homestyle-renovation-loan-refinance/","",0,OK
"https://www.stairwaymortgage.com/loan-calculator/homestyle-renovation-loan/",200,"https://www.stairwaymortgage.com/loan-calculator/homestyle-renovation-loan/","",0,OK
"https://www.stairwaymortgage.com/loan-calculator/house-insurance-cost-calculator/",200,"https://www.stairwaymortgage.com/loan-calculator/house-insurance-cost-calculator/","",0,OK
"https://www.stairwaymortgage.com/loan-calculator/how-to-calculate-my-net-worth/",200,"https://www.stairwaymortgage.com/loan-calculator/how-to-calculate-my-net-worth/","",0,OK
"https://www.stairwaymortgage.com/loan-calculator/how-to-use-the-brrrr-method/",404,"https://www.stairwaymortgage.com/loan-calculator/how-to-use-the-brrrr-method/","/loan-calculators/",0.5,REVIEW
"https://www.stairwaymortgage.com/loan-calculator/interest-only-payment-calculator/",200,"https://www.stairwaymortgage.com/loan-calculator/interest-only-payment-calculator/","",0,OK
"https://www.stairwaymortgage.com/loan-calculator/investment-growth-calculator/",200,"https://www.stairwaymortgage.com/loan-calculator/investment-growth-calculator/","",0,OK
"https://www.stairwaymortgage.com/loan-calculator/investment-growth/",404,"https://www.stairwaymortgage.com/loan-calculator/investment-growth/","/loan-calculators/",0.5,REVIEW
"https://www.stairwaymortgage.com/loan-calculator/itin-loan-cash-out-refinance/",200,"https://www.stairwaymortgage.com/loan-calculator/itin-loan-cash-out-refinance/","",0,OK
"https://www.stairwaymortgage.com/loan-calculator/itin-loan-refinance/",200,"https://www.stairwaymortgage.com/loan-calculator/itin-loan-refinance/","",0,OK
"https://www.stairwaymortgage.com/loan-calculator/itin-loan/",200,"https://www.stairwaymortgage.com/loan-calculator/itin-loan/","",0,OK
"https://www.stairwaymortgage.com/loan-calculator/jumbo-cash-out-refinance-loan/",404,"https://www.stairwaymortgage.com/loan-calculator/jumbo-cash-out-refinance-loan/","/loan-calculators/",0.5,REVIEW
"https://www.stairwaymortgage.com/loan-calculator/jumbo-construction-and-land-acquisition/",404,"https://www.stairwaymortgage.com/loan-calculator/jumbo-construction-and-land-acquisition/","/loan-calculators/",0.5,REVIEW
"https://www.stairwaymortgage.com/loan-calculator/jumbo-construction-loan-acquisition/",200,"https://www.stairwaymortgage.com/loan-calculator/jumbo-construction-loan-acquisition/","",0,OK
"https://www.stairwaymortgage.com/loan-calculator/jumbo-construction-loan/",200,"https://www.stairwaymortgage.com/loan-calculator/jumbo-construction-loan/","",0,OK
"https://www.stairwaymortgage.com/loan-calculator/jumbo-construction-to-perm-loan/",200,"https://www.stairwaymortgage.com/loan-calculator/jumbo-construction-to-perm-loan/","",0,OK
"https://www.stairwaymortgage.com/loan-calculator/jumbo-construction-to-permanent-loan/",404,"https://www.stairwaymortgage.com/loan-calculator/jumbo-construction-to-permanent-loan/","/loan-calculators/",0.5,REVIEW
"https://www.stairwaymortgage.com/loan-calculator/jumbo-loan-cash-out-refinance/",200,"https://www.stairwaymortgage.com/loan-calculator/jumbo-loan-cash-out-refinance/","",0,OK
"https://www.stairwaymortgage.com/loan-calculator/jumbo-loan-purchase-renovation/",200,"https://www.stairwaymortgage.com/loan-calculator/jumbo-loan-purchase-renovation/","",0,OK
"https://www.stairwaymortgage.com/loan-calculator/jumbo-loan-refinance/",200,"https://www.stairwaymortgage.com/loan-calculator/jumbo-loan-refinance/","",0,OK
"https://www.stairwaymortgage.com/loan-calculator/jumbo-loan-renovation-refinance/",200,"https://www.stairwaymortgage.com/loan-calculator/jumbo-loan-renovation-refinance/","",0,OK
"https://www.stairwaymortgage.com/loan-calculator/jumbo-loan/",200,"https://www.stairwaymortgage.com/loan-calculator/jumbo-loan/","",0,OK
"https://www.stairwaymortgage.com/loan-calculator/jumbo-new-construction-loan/",404,"https://www.stairwaymortgage.com/loan-calculator/jumbo-new-construction-loan/","/loan-calculators/",0.5,REVIEW
"https://www.stairwaymortgage.com/loan-calculator/jumbo-purchase-loan-payment/",404,"https://www.stairwaymortgage.com/loan-calculator/jumbo-purchase-loan-payment/","/loan-calculators/",0.5,REVIEW
"https://www.stairwaymortgage.com/loan-calculator/jumbo-refinance-rate-reduction/",404,"https://www.stairwaymortgage.com/loan-calculator/jumbo-refinance-rate-reduction/","/loan-calculators/",0.5,REVIEW
"https://www.stairwaymortgage.com/loan-calculator/jumbo-renovation-purchase-loan/",404,"https://www.stairwaymortgage.com/loan-calculator/jumbo-renovation-purchase-loan/","/loan-calculators/",0.5,REVIEW
"https://www.stairwaymortgage.com/loan-calculator/jumbo-renovation-refinance-loan/",404,"https://www.stairwaymortgage.com/loan-calculator/jumbo-renovation-refinance-loan/","/loan-calculators/",0.5,REVIEW
"https://www.stairwaymortgage.com/loan-calculator/legacy-impact-planner/",404,"https://www.stairwaymortgage.com/loan-calculator/legacy-impact-planner/","/loan-calculators/",0.5,REVIEW
"https://www.stairwaymortgage.com/loan-calculator/legacy-planning-calculator/",200,"https://www.stairwaymortgage.com/loan-calculator/legacy-planning-calculator/","",0,OK
"https://www.stairwaymortgage.com/loan-calculator/military-tax-benefits-calculator/",200,"https://www.stairwaymortgage.com/loan-calculator/military-tax-benefits-calculator/","",0,OK
"https://www.stairwaymortgage.com/loan-calculator/mortgage-income-calculator/",200,"https://www.stairwaymortgage.com/loan-calculator/mortgage-income-calculator/","",0,OK
"https://www.stairwaymortgage.com/loan-calculator/mortgage-payoff-calculator-with-extra-payments/",200,"https://www.stairwaymortgage.com/loan-calculator/mortgage-payoff-calculator-with-extra-payments/","",0,OK
"https://www.stairwaymortgage.com/loan-calculator/multifamily-loan-calculator/",200,"https://www.stairwaymortgage.com/loan-calculator/multifamily-loan-calculator/","",0,OK
"https://www.stairwaymortgage.com/loan-calculator/my-spiritual-impact/",404,"https://www.stairwaymortgage.com/loan-calculator/my-spiritual-impact/","/loan-calculators/",0.5,REVIEW
"https://www.stairwaymortgage.com/loan-calculator/net-proceeds-calculator/",200,"https://www.stairwaymortgage.com/loan-calculator/net-proceeds-calculator/","",0,OK
"https://www.stairwaymortgage.com/loan-calculator/no-doc-loan-cash-out-refinance/",200,"https://www.stairwaymortgage.com/loan-calculator/no-doc-loan-cash-out-refinance/","",0,OK
"https://www.stairwaymortgage.com/loan-calculator/no-doc-loan-refinance/",200,"https://www.stairwaymortgage.com/loan-calculator/no-doc-loan-refinance/","",0,OK
"https://www.stairwaymortgage.com/loan-calculator/no-doc-loan/",200,"https://www.stairwaymortgage.com/loan-calculator/no-doc-loan/","",0,OK
"https://www.stairwaymortgage.com/loan-calculator/non-warrantable-condo-loan-cash-out-refinance/",200,"https://www.stairwaymortgage.com/loan-calculator/non-warrantable-condo-loan-cash-out-refinance/","",0,OK
"https://www.stairwaymortgage.com/loan-calculator/non-warrantable-condo-loan-refinance/",200,"https://www.stairwaymortgage.com/loan-calculator/non-warrantable-condo-loan-refinance/","",0,OK
"https://www.stairwaymortgage.com/loan-calculator/non-warrantable-condo-loan/",200,"https://www.stairwaymortgage.com/loan-calculator/non-warrantable-condo-loan/","",0,OK
"https://www.stairwaymortgage.com/loan-calculator/p-and-l-loan-cash-out-refinance/",200,"https://www.stairwaymortgage.com/loan-calculator/p-and-l-loan-cash-out-refinance/","",0,OK
"https://www.stairwaymortgage.com/loan-calculator/p-and-l-loan-refinance/",200,"https://www.stairwaymortgage.com/loan-calculator/p-and-l-loan-refinance/","",0,OK
"https://www.stairwaymortgage.com/loan-calculator/p-and-l-loan/",200,"https://www.stairwaymortgage.com/loan-calculator/p-and-l-loan/","",0,OK
"https://www.stairwaymortgage.com/loan-calculator/passive-income-calculator/",200,"https://www.stairwaymortgage.com/loan-calculator/passive-income-calculator/","",0,OK
"https://www.stairwaymortgage.com/loan-calculator/passive-investment-return-calculator/",404,"https://www.stairwaymortgage.com/loan-calculator/passive-investment-return-calculator/","/loan-calculators/",0.5,REVIEW
"https://www.stairwaymortgage.com/loan-calculator/portfolio-analyzers/",200,"https://www.stairwaymortgage.com/loan-calculator/portfolio-analyzers/","",0,OK
"https://www.stairwaymortgage.com/loan-calculator/property-management-cost-calculator/",200,"https://www.stairwaymortgage.com/loan-calculator/property-management-cost-calculator/","",0,OK
"https://www.stairwaymortgage.com/loan-calculator/property-value-estimator/",200,"https://www.stairwaymortgage.com/loan-calculator/property-value-estimator/","",0,OK
"https://www.stairwaymortgage.com/loan-calculator/rate-buy-down-calculator/",200,"https://www.stairwaymortgage.com/loan-calculator/rate-buy-down-calculator/","",0,OK
"https://www.stairwaymortgage.com/loan-calculator/renovation-estimator/",200,"https://www.stairwaymortgage.com/loan-calculator/renovation-estimator/","",0,OK
"https://www.stairwaymortgage.com/loan-calculator/rent-versus-buying-a-home-calculator/",200,"https://www.stairwaymortgage.com/loan-calculator/rent-versus-buying-a-home-calculator/","",0,OK
"https://www.stairwaymortgage.com/loan-calculator/rental-property-calculator/",200,"https://www.stairwaymortgage.com/loan-calculator/rental-property-calculator/","",0,OK
"https://www.stairwaymortgage.com/loan-calculator/reserves-calculation/",200,"https://www.stairwaymortgage.com/loan-calculator/reserves-calculation/","",0,OK
"https://www.stairwaymortgage.com/loan-calculator/resort-condo-loan-cash-out-refinance/",200,"https://www.stairwaymortgage.com/loan-calculator/resort-condo-loan-cash-out-refinance/","",0,OK
"https://www.stairwaymortgage.com/loan-calculator/resort-condo-loan-refinance/",200,"https://www.stairwaymortgage.com/loan-calculator/resort-condo-loan-refinance/","",0,OK
"https://www.stairwaymortgage.com/loan-calculator/resort-condo-loan/",200,"https://www.stairwaymortgage.com/loan-calculator/resort-condo-loan/","",0,OK
"https://www.stairwaymortgage.com/loan-calculator/reverse-mortgage-cash-out-refinance/",200,"https://www.stairwaymortgage.com/loan-calculator/reverse-mortgage-cash-out-refinance/","",0,OK
"https://www.stairwaymortgage.com/loan-calculator/reverse-mortgage-home-purchase-loan-calculator/",404,"https://www.stairwaymortgage.com/loan-calculator/reverse-mortgage-home-purchase-loan-calculator/","/loan-calculators/",0.5,REVIEW
"https://www.stairwaymortgage.com/loan-calculator/reverse-mortgage-income-for-life-calculator/",404,"https://www.stairwaymortgage.com/loan-calculator/reverse-mortgage-income-for-life-calculator/","/loan-calculators/",0.5,REVIEW
"https://www.stairwaymortgage.com/loan-calculator/reverse-mortgage-income/",200,"https://www.stairwaymortgage.com/loan-calculator/reverse-mortgage-income/","",0,OK
"https://www.stairwaymortgage.com/loan-calculator/reverse-mortgage-legacy-inheritance-estimator/",404,"https://www.stairwaymortgage.com/loan-calculator/reverse-mortgage-legacy-inheritance-estimator/","/loan-calculators/",0.5,REVIEW
"https://www.stairwaymortgage.com/loan-calculator/reverse-mortgage-legacy/",200,"https://www.stairwaymortgage.com/loan-calculator/reverse-mortgage-legacy/","",0,OK
"https://www.stairwaymortgage.com/loan-calculator/reverse-mortgage-refinance/",404,"https://www.stairwaymortgage.com/loan-calculator/reverse-mortgage-refinance/","/case-studies/reverse-mortgage-refinance/",0.8,301
"https://www.stairwaymortgage.com/loan-calculator/reverse-mortgage/",200,"https://www.stairwaymortgage.com/loan-calculator/reverse-mortgage/","",0,OK
"https://www.stairwaymortgage.com/loan-calculator/section-184-loan-cash-out-refinance/",200,"https://www.stairwaymortgage.com/loan-calculator/section-184-loan-cash-out-refinance/","",0,OK
"https://www.stairwaymortgage.com/loan-calculator/section-184-loan-refinance/",200,"https://www.stairwaymortgage.com/loan-calculator/section-184-loan-refinance/","",0,OK
"https://www.stairwaymortgage.com/loan-calculator/section-184-loan/",200,"https://www.stairwaymortgage.com/loan-calculator/section-184-loan/","",0,OK
"https://www.stairwaymortgage.com/loan-calculator/side-hustle-income-calculator/",404,"https://www.stairwaymortgage.com/loan-calculator/side-hustle-income-calculator/","/loan-calculators/",0.5,REVIEW
"https://www.stairwaymortgage.com/loan-calculator/spec-home-calculator-preowned-tear-down/",404,"https://www.stairwaymortgage.com/loan-calculator/spec-home-calculator-preowned-tear-down/","/loan-calculators/",0.5,REVIEW
"https://www.stairwaymortgage.com/loan-calculator/spec-home-loan-acquisition-and-development/",200,"https://www.stairwaymortgage.com/loan-calculator/spec-home-loan-acquisition-and-development/","",0,OK
"https://www.stairwaymortgage.com/loan-calculator/spec-home-loan-preowned-teardown-calculator/",404,"https://www.stairwaymortgage.com/loan-calculator/spec-home-loan-preowned-teardown-calculator/","/loan-calculators/",0.5,REVIEW
"https://www.stairwaymortgage.com/loan-calculator/spiritual-influence-calculator/",200,"https://www.stairwaymortgage.com/loan-calculator/spiritual-influence-calculator/","",0,OK
"https://www.stairwaymortgage.com/loan-calculator/telemarketing-revenue-calculator/",200,"https://www.stairwaymortgage.com/loan-calculator/telemarketing-revenue-calculator/","",0,OK
"https://www.stairwaymortgage.com/loan-calculator/total-loan-cost-calculator/",404,"https://www.stairwaymortgage.com/loan-calculator/total-loan-cost-calculator/","/loan-calculators/",0.5,REVIEW
"https://www.stairwaymortgage.com/loan-calculator/usda-cash-out-refinance/",404,"https://www.stairwaymortgage.com/loan-calculator/usda-cash-out-refinance/","/loan-calculators/",0.5,REVIEW
"https://www.stairwaymortgage.com/loan-calculator/usda-construction-loan/",200,"https://www.stairwaymortgage.com/loan-calculator/usda-construction-loan/","",0,OK
"https://www.stairwaymortgage.com/loan-calculator/usda-home-purchase-loan/",404,"https://www.stairwaymortgage.com/loan-calculator/usda-home-purchase-loan/","/loan-calculators/",0.5,REVIEW
"https://www.stairwaymortgage.com/loan-calculator/usda-loan-cash-out-refinance/",200,"https://www.stairwaymortgage.com/loan-calculator/usda-loan-cash-out-refinance/","",0,OK
"https://www.stairwaymortgage.com/loan-calculator/usda-loan-refinance/",200,"https://www.stairwaymortgage.com/loan-calculator/usda-loan-refinance/","",0,OK
"https://www.stairwaymortgage.com/loan-calculator/usda-loan-renovation/",200,"https://www.stairwaymortgage.com/loan-calculator/usda-loan-renovation/","",0,OK
"https://www.stairwaymortgage.com/loan-calculator/usda-loan/",200,"https://www.stairwaymortgage.com/loan-calculator/usda-loan/","",0,OK
"https://www.stairwaymortgage.com/loan-calculator/usda-refinance-interest-rate-reduction/",404,"https://www.stairwaymortgage.com/loan-calculator/usda-refinance-interest-rate-reduction/","/loan-calculators/",0.5,REVIEW
"https://www.stairwaymortgage.com/loan-calculator/va-cash-out-refinance/",404,"https://www.stairwaymortgage.com/loan-calculator/va-cash-out-refinance/","/loan-calculators/",0.5,REVIEW
"https://www.stairwaymortgage.com/loan-calculator/va-construction-loan/",200,"https://www.stairwaymortgage.com/loan-calculator/va-construction-loan/","",0,OK
"https://www.stairwaymortgage.com/loan-calculator/va-entitlement/",404,"https://www.stairwaymortgage.com/loan-calculator/va-entitlement/","/loan-calculators/",0.5,REVIEW
"https://www.stairwaymortgage.com/loan-calculator/va-high-balance-loan/",200,"https://www.stairwaymortgage.com/loan-calculator/va-high-balance-loan/","",0,OK
"https://www.stairwaymortgage.com/loan-calculator/va-high-balance-purchase-loan/",404,"https://www.stairwaymortgage.com/loan-calculator/va-high-balance-purchase-loan/","/loan-calculators/",0.5,REVIEW
"https://www.stairwaymortgage.com/loan-calculator/va-irrrl-refinance/",404,"https://www.stairwaymortgage.com/loan-calculator/va-irrrl-refinance/","/loan-calculators/",0.5,REVIEW
"https://www.stairwaymortgage.com/loan-calculator/va-irrrl/",200,"https://www.stairwaymortgage.com/loan-calculator/va-irrrl/","",0,OK
"https://www.stairwaymortgage.com/loan-calculator/va-loan-cash-out-refinance/",200,"https://www.stairwaymortgage.com/loan-calculator/va-loan-cash-out-refinance/","",0,OK
"https://www.stairwaymortgage.com/loan-calculator/va-loan-entitlement-calculator/",404,"https://www.stairwaymortgage.com/loan-calculator/va-loan-entitlement-calculator/","/loan-calculators/",0.5,REVIEW
"https://www.stairwaymortgage.com/loan-calculator/va-loan-purchase-renovation/",200,"https://www.stairwaymortgage.com/loan-calculator/va-loan-purchase-renovation/","",0,OK
"https://www.stairwaymortgage.com/loan-calculator/va-loan-refinance-renovation/",200,"https://www.stairwaymortgage.com/loan-calculator/va-loan-refinance-renovation/","",0,OK
"https://www.stairwaymortgage.com/loan-calculator/va-loan/",200,"https://www.stairwaymortgage.com/loan-calculator/va-loan/","",0,OK
"https://www.stairwaymortgage.com/loan-calculator/va-new-construction-loan/",404,"https://www.stairwaymortgage.com/loan-calculator/va-new-construction-loan/","/loan-calculators/",0.5,REVIEW
"https://www.stairwaymortgage.com/loan-calculator/va-purchase-loan-payment/",404,"https://www.stairwaymortgage.com/loan-calculator/va-purchase-loan-payment/","/loan-calculators/",0.5,REVIEW
"https://www.stairwaymortgage.com/loan-calculator/va-renovation-purchase-loan/",404,"https://www.stairwaymortgage.com/loan-calculator/va-renovation-purchase-loan/","/loan-calculators/",0.5,REVIEW
"https://www.stairwaymortgage.com/loan-calculator/va-renovation-refinance-loan/",404,"https://www.stairwaymortgage.com/loan-calculator/va-renovation-refinance-loan/","/loan-calculators/",0.5,REVIEW
"https://www.stairwaymortgage.com/loan-calculators/",200,"https://www.stairwaymortgage.com/loan-calculators/","",0,OK
"https://www.stairwaymortgage.com/loan-programs/",200,"https://www.stairwaymortgage.com/loan-programs/","",0,OK
"https://www.stairwaymortgage.com/loan-programs/1099-loan/",200,"https://www.stairwaymortgage.com/loan-programs/1099-loan/","",0,OK
"https://www.stairwaymortgage.com/loan-programs/asset-based-loan/",200,"https://www.stairwaymortgage.com/loan-programs/asset-based-loan/","",0,OK
"https://www.stairwaymortgage.com/loan-programs/attorney-mortgage/",200,"https://www.stairwaymortgage.com/loan-programs/attorney-mortgage/","",0,OK
"https://www.stairwaymortgage.com/loan-programs/bank-statement-loan/",200,"https://www.stairwaymortgage.com/loan-programs/bank-statement-loan/","",0,OK
"https://www.stairwaymortgage.com/loan-programs/bridge-loan/",200,"https://www.stairwaymortgage.com/loan-programs/bridge-loan/","",0,OK
"https://www.stairwaymortgage.com/loan-programs/commercial-loan/",200,"https://www.stairwaymortgage.com/loan-programs/commercial-loan/","",0,OK
"https://www.stairwaymortgage.com/loan-programs/condotel-loan/",200,"https://www.stairwaymortgage.com/loan-programs/condotel-loan/","",0,OK
"https://www.stairwaymortgage.com/loan-programs/construction-loan/",200,"https://www.stairwaymortgage.com/loan-programs/construction-loan/","",0,OK
"https://www.stairwaymortgage.com/loan-programs/conventional-loan/",200,"https://www.stairwaymortgage.com/loan-programs/conventional-loan/","",0,OK
"https://www.stairwaymortgage.com/loan-programs/down-payment-assistance/",200,"https://www.stairwaymortgage.com/loan-programs/down-payment-assistance/","",0,OK
"https://www.stairwaymortgage.com/loan-programs/dscr-loan/",200,"https://www.stairwaymortgage.com/loan-programs/dscr-loan/","",0,OK
"https://www.stairwaymortgage.com/loan-programs/fha-203k-loan/",200,"https://www.stairwaymortgage.com/loan-programs/fha-203k-loan/","",0,OK
"https://www.stairwaymortgage.com/loan-programs/fha-construction-loan/",200,"https://www.stairwaymortgage.com/loan-programs/fha-construction-loan/","",0,OK
"https://www.stairwaymortgage.com/loan-programs/fha-loan/",200,"https://www.stairwaymortgage.com/loan-programs/fha-loan/","",0,OK
"https://www.stairwaymortgage.com/loan-programs/fha-streamline-refinance/",200,"https://www.stairwaymortgage.com/loan-programs/fha-streamline-refinance/","",0,OK
"https://www.stairwaymortgage.com/loan-programs/fix-and-flip-loan/",200,"https://www.stairwaymortgage.com/loan-programs/fix-and-flip-loan/","",0,OK
"https://www.stairwaymortgage.com/loan-programs/foreign-national-loan/",200,"https://www.stairwaymortgage.com/loan-programs/foreign-national-loan/","",0,OK
"https://www.stairwaymortgage.com/loan-programs/hard-money-loan/",200,"https://www.stairwaymortgage.com/loan-programs/hard-money-loan/","",0,OK
"https://www.stairwaymortgage.com/loan-programs/heloc/",200,"https://www.stairwaymortgage.com/loan-programs/heloc/","",0,OK
"https://www.stairwaymortgage.com/loan-programs/home-equity-loan/",200,"https://www.stairwaymortgage.com/loan-programs/home-equity-loan/","",0,OK
"https://www.stairwaymortgage.com/loan-programs/home-improvement-loan/",200,"https://www.stairwaymortgage.com/loan-programs/home-improvement-loan/","",0,OK
"https://www.stairwaymortgage.com/loan-programs/homestyle-renovation-loan/",200,"https://www.stairwaymortgage.com/loan-programs/homestyle-renovation-loan/","",0,OK
"https://www.stairwaymortgage.com/loan-programs/interest-only-loan/",200,"https://www.stairwaymortgage.com/loan-programs/interest-only-loan/","",0,OK
"https://www.stairwaymortgage.com/loan-programs/itin-loan/",200,"https://www.stairwaymortgage.com/loan-programs/itin-loan/","",0,OK
"https://www.stairwaymortgage.com/loan-programs/jumbo-construction-loan/",200,"https://www.stairwaymortgage.com/loan-programs/jumbo-construction-loan/","",0,OK
"https://www.stairwaymortgage.com/loan-programs/jumbo-loan/",200,"https://www.stairwaymortgage.com/loan-programs/jumbo-loan/","",0,OK
"https://www.stairwaymortgage.com/loan-programs/lot-loan/",200,"https://www.stairwaymortgage.com/loan-programs/lot-loan/","",0,OK
"https://www.stairwaymortgage.com/loan-programs/manufactured-home-financing-options/",200,"https://www.stairwaymortgage.com/loan-programs/manufactured-home-financing-options/","",0,OK
"https://www.stairwaymortgage.com/loan-programs/no-doc-loan/",200,"https://www.stairwaymortgage.com/loan-programs/no-doc-loan/","",0,OK
"https://www.stairwaymortgage.com/loan-programs/non-qm-loan/",200,"https://www.stairwaymortgage.com/loan-programs/non-qm-loan/","",0,OK
"https://www.stairwaymortgage.com/loan-programs/non-warrantable-condo-loan/",200,"https://www.stairwaymortgage.com/loan-programs/non-warrantable-condo-loan/","",0,OK
"https://www.stairwaymortgage.com/loan-programs/p-and-l-loan/",200,"https://www.stairwaymortgage.com/loan-programs/p-and-l-loan/","",0,OK
"https://www.stairwaymortgage.com/loan-programs/physician-mortgage-loans/",200,"https://www.stairwaymortgage.com/loan-programs/physician-mortgage-loans/","",0,OK
"https://www.stairwaymortgage.com/loan-programs/portfolio-loan/",200,"https://www.stairwaymortgage.com/loan-programs/portfolio-loan/","",0,OK
"https://www.stairwaymortgage.com/loan-programs/resort-condo-loan/",200,"https://www.stairwaymortgage.com/loan-programs/resort-condo-loan/","",0,OK
"https://www.stairwaymortgage.com/loan-programs/reverse-mortgage/",200,"https://www.stairwaymortgage.com/loan-programs/reverse-mortgage/","",0,OK
"https://www.stairwaymortgage.com/loan-programs/section-184-loan/",200,"https://www.stairwaymortgage.com/loan-programs/section-184-loan/","",0,OK
"https://www.stairwaymortgage.com/loan-programs/stated-income-loan/",200,"https://www.stairwaymortgage.com/loan-programs/stated-income-loan/","",0,OK
"https://www.stairwaymortgage.com/loan-programs/teacher-mortgage/",200,"https://www.stairwaymortgage.com/loan-programs/teacher-mortgage/","",0,OK
"https://www.stairwaymortgage.com/loan-programs/usda-construction-loan/",200,"https://www.stairwaymortgage.com/loan-programs/usda-construction-loan/","",0,OK
"https://www.stairwaymortgage.com/loan-programs/usda-loan/",200,"https://www.stairwaymortgage.com/loan-programs/usda-loan/","",0,OK
"https://www.stairwaymortgage.com/loan-programs/va-construction-loan/",200,"https://www.stairwaymortgage.com/loan-programs/va-construction-loan/","",0,OK
"https://www.stairwaymortgage.com/loan-programs/va-irrrl/",200,"https://www.stairwaymortgage.com/loan-programs/va-irrrl/","",0,OK
"https://www.stairwaymortgage.com/loan-programs/va-loan/",200,"https://www.stairwaymortgage.com/loan-programs/va-loan/","",0,OK
"https://www.stairwaymortgage.com/long-term-care-financing/",404,"https://www.stairwaymortgage.com/long-term-care-financing/","/blog/long-term-care-financing/",0.8,301
"https://www.stairwaymortgage.com/long-term-rental-vs-short-term-rental/",404,"https://www.stairwaymortgage.com/long-term-rental-vs-short-term-rental/","/blog/long-term-rental-vs-short-term-rental/",0.8,301
"https://www.stairwaymortgage.com/low-down-payment-cheat-sheet/",404,"https://www.stairwaymortgage.com/low-down-payment-cheat-sheet/","",0,REBUILD
"https://www.stairwaymortgage.com/market-cycles/",404,"https://www.stairwaymortgage.com/market-cycles/","/blog/market-cycles/",0.8,301
"https://www.stairwaymortgage.com/master-lead-form-2/",404,"https://www.stairwaymortgage.com/master-lead-form-2/","",0,REBUILD
"https://www.stairwaymortgage.com/master-lead-form/",404,"https://www.stairwaymortgage.com/master-lead-form/","",0,REBUILD
"https://www.stairwaymortgage.com/meaning-of-residuary-estate/",404,"https://www.stairwaymortgage.com/meaning-of-residuary-estate/","/blog/meaning-of-residuary-estate/",0.8,301
"https://www.stairwaymortgage.com/medical-professionals/",200,"https://www.stairwaymortgage.com/medical-professionals/","",0,OK
"https://www.stairwaymortgage.com/menu/",200,"https://www.stairwaymortgage.com/","",0,OK
"https://www.stairwaymortgage.com/miami-fort-lauderdale-jim-blackburn/",404,"https://www.stairwaymortgage.com/miami-fort-lauderdale-jim-blackburn/","",0,REBUILD
"https://www.stairwaymortgage.com/miami-jim-blackburn/",404,"https://www.stairwaymortgage.com/miami-jim-blackburn/","",0,REBUILD
"https://www.stairwaymortgage.com/mortgage-application-101/",404,"https://www.stairwaymortgage.com/mortgage-application-101/","",0,REBUILD
"https://www.stairwaymortgage.com/mortgage-broker-fees/",404,"https://www.stairwaymortgage.com/mortgage-broker-fees/","/blog/mortgage-broker-fees/",0.8,301
"https://www.stairwaymortgage.com/mortgage-broker-vs-lender/",404,"https://www.stairwaymortgage.com/mortgage-broker-vs-lender/","/blog/mortgage-broker-vs-lender/",0.8,301
"https://www.stairwaymortgage.com/mortgage-credit-boosting-toolkit/",404,"https://www.stairwaymortgage.com/mortgage-credit-boosting-toolkit/","",0,REBUILD
"https://www.stairwaymortgage.com/mortgage-estimator-florida/",404,"https://www.stairwaymortgage.com/mortgage-estimator-florida/","/blog/mortgage-estimator-florida/",0.8,301
"https://www.stairwaymortgage.com/mortgage-myths-debunked-guide/",404,"https://www.stairwaymortgage.com/mortgage-myths-debunked-guide/","",0,REBUILD
"https://www.stairwaymortgage.com/mortgage-pre-approval/",404,"https://www.stairwaymortgage.com/mortgage-pre-approval/","",0,REBUILD
"https://www.stairwaymortgage.com/mortgage-preapproval/",403,"https://stairwaymortgage.my1003app.com/","",0,ALREADY-REDIRECTED
"https://www.stairwaymortgage.com/mortgage-protection-insurance/",404,"https://www.stairwaymortgage.com/mortgage-protection-insurance/","/blog/mortgage-protection-insurance/",0.8,301
"https://www.stairwaymortgage.com/mortgage-rate-shopping-broker-vs-banker/",404,"https://www.stairwaymortgage.com/mortgage-rate-shopping-broker-vs-banker/","",0,REBUILD
"https://www.stairwaymortgage.com/mortgage-recast/",404,"https://www.stairwaymortgage.com/mortgage-recast/","/blog/mortgage-recast/",0.8,301
"https://www.stairwaymortgage.com/moving-out-of-state/",404,"https://www.stairwaymortgage.com/moving-out-of-state/","/blog/moving-out-of-state/",0.8,301
"https://www.stairwaymortgage.com/multifamily-market-analysis/",404,"https://www.stairwaymortgage.com/multifamily-market-analysis/","/blog/multifamily-market-analysis/",0.8,301
"https://www.stairwaymortgage.com/multifamily-real-estate-investing/",404,"https://www.stairwaymortgage.com/multifamily-real-estate-investing/","/blog/multifamily-real-estate-investing/",0.8,301
"https://www.stairwaymortgage.com/negotiating-real-estate-commission/",404,"https://www.stairwaymortgage.com/negotiating-real-estate-commission/","/blog/negotiating-real-estate-commission/",0.8,301
"https://www.stairwaymortgage.com/new-construction-vs-existing-home/",404,"https://www.stairwaymortgage.com/new-construction-vs-existing-home/","/blog/new-construction-vs-existing-home/",0.8,301
"https://www.stairwaymortgage.com/new-construction-vs/",404,"https://www.stairwaymortgage.com/new-construction-vs/","",0,REBUILD
"https://www.stairwaymortgage.com/nexa-mortgage-nexa-lending/",404,"https://www.stairwaymortgage.com/nexa-mortgage-nexa-lending/","/blog/nexa-mortgage-nexa-lending/",0.8,301
"https://www.stairwaymortgage.com/nexa-mortgage-partnership/",200,"https://www.stairwaymortgage.com/nexa-mortgage-partnership/","",0,OK
"https://www.stairwaymortgage.com/now-a-direct-lender/",404,"https://www.stairwaymortgage.com/now-a-direct-lender/","",0,REBUILD
"https://www.stairwaymortgage.com/nurse-anesthetist-mortgage/",200,"https://www.stairwaymortgage.com/medical-professionals/","",0,OK
"https://www.stairwaymortgage.com/opportunity-zone-funds/",404,"https://www.stairwaymortgage.com/opportunity-zone-funds/","/blog/opportunity-zone-funds/",0.8,301
"https://www.stairwaymortgage.com/oregon-privacy/",200,"https://www.stairwaymortgage.com/oregon-privacy/","",0,OK
"https://www.stairwaymortgage.com/osteopathic-physician-mortgage/",200,"https://www.stairwaymortgage.com/medical-professionals/physician/","",0,OK
"https://www.stairwaymortgage.com/partnering-in-real-estate/",404,"https://www.stairwaymortgage.com/partnering-in-real-estate/","/blog/partnering-in-real-estate/",0.8,301
"https://www.stairwaymortgage.com/partners/",200,"https://www.stairwaymortgage.com/realtors/","",0,OK
"https://www.stairwaymortgage.com/passive-activity-loss-limitations/",404,"https://www.stairwaymortgage.com/passive-activity-loss-limitations/","/blog/passive-activity-loss-limitations/",0.8,301
"https://www.stairwaymortgage.com/passive-income-investments/",404,"https://www.stairwaymortgage.com/passive-income-investments/","/blog/passive-income-investments/",0.8,301
"https://www.stairwaymortgage.com/passive-investor-email-verification/",200,"https://www.stairwaymortgage.com/","",0,OK
"https://www.stairwaymortgage.com/passive-investor-quiz/",200,"https://www.stairwaymortgage.com/discovery-quiz/","",0,OK
"https://www.stairwaymortgage.com/passive-investors-journey/",200,"https://www.stairwaymortgage.com/the-8-steps/passive-investor/","",0,OK
"https://www.stairwaymortgage.com/passive-portfolio-management/",404,"https://www.stairwaymortgage.com/passive-portfolio-management/","/blog/passive-portfolio-management/",0.8,301
"https://www.stairwaymortgage.com/pay-off-mortgage-early/",404,"https://www.stairwaymortgage.com/pay-off-mortgage-early/","/blog/pay-off-mortgage-early/",0.8,301
"https://www.stairwaymortgage.com/pharma-medical-sales-professional/",200,"https://www.stairwaymortgage.com/sales-professionals/","",0,OK
"https://www.stairwaymortgage.com/pharmacist-mortgage/",200,"https://www.stairwaymortgage.com/medical-professionals/pharmacist/","",0,OK
"https://www.stairwaymortgage.com/physician-mortgage/",200,"https://www.stairwaymortgage.com/loan-programs/physician-mortgage-loans/","",0,OK
"https://www.stairwaymortgage.com/please-confirm-info/",200,"https://www.stairwaymortgage.com/","",0,OK
"https://www.stairwaymortgage.com/podiatrist-mortgage/",200,"https://www.stairwaymortgage.com/medical-professionals/","",0,OK
"https://www.stairwaymortgage.com/portfolio-and-diversification/",404,"https://www.stairwaymortgage.com/portfolio-and-diversification/","/blog/portfolio-and-diversification/",0.8,301
"https://www.stairwaymortgage.com/portfolio-lending-real-estate-loans/",404,"https://www.stairwaymortgage.com/portfolio-lending-real-estate-loans/","/blog/portfolio-lending-real-estate-loans/",0.8,301
"https://www.stairwaymortgage.com/potential-seller-email-verification/",200,"https://www.stairwaymortgage.com/","",0,OK
"https://www.stairwaymortgage.com/pre-qualified-vs-preapproved/",404,"https://www.stairwaymortgage.com/pre-qualified-vs-preapproved/","",0,REBUILD
"https://www.stairwaymortgage.com/privacy/",200,"https://www.stairwaymortgage.com/privacy/","",0,OK
"https://www.stairwaymortgage.com/private-home-search/",200,"https://www.stairwaymortgage.com/private-home-search/","",0,OK
"https://www.stairwaymortgage.com/private-placement-life-insurance/",404,"https://www.stairwaymortgage.com/private-placement-life-insurance/","/blog/private-placement-life-insurance/",0.8,301
"https://www.stairwaymortgage.com/professions/",404,"https://www.stairwaymortgage.com/professions/","",0,REBUILD
"https://www.stairwaymortgage.com/property-deals/33064-fl-zyxwvutsrqponml/",200,"https://www.stairwaymortgage.com/","",0,OK
"https://www.stairwaymortgage.com/property-deals/email-verif-33064-fl-zyxwvutsrqponml/",200,"https://www.stairwaymortgage.com/","",0,OK
"https://www.stairwaymortgage.com/property-management-checklist/",404,"https://www.stairwaymortgage.com/property-management-checklist/","/blog/property-management-checklist/",0.8,301
"https://www.stairwaymortgage.com/property-management-cost/",404,"https://www.stairwaymortgage.com/property-management-cost/","/blog/property-management-cost/",0.8,301
"https://www.stairwaymortgage.com/property-management-for-landlords/",404,"https://www.stairwaymortgage.com/property-management-for-landlords/","/blog/property-management-for-landlords/",0.8,301
"https://www.stairwaymortgage.com/public-sector-leaders/",200,"https://www.stairwaymortgage.com/","",0,OK
"https://www.stairwaymortgage.com/purchase-inquiry/",200,"https://www.stairwaymortgage.com/purchase-inquiry/","",0,OK
"https://www.stairwaymortgage.com/purchase-process-guidance/",404,"https://www.stairwaymortgage.com/purchase-process-guidance/","",0,REBUILD
"https://www.stairwaymortgage.com/qualified-personal-residence-trust/",404,"https://www.stairwaymortgage.com/qualified-personal-residence-trust/","/blog/qualified-personal-residence-trust/",0.8,301
"https://www.stairwaymortgage.com/real-estate-appreciation/",404,"https://www.stairwaymortgage.com/real-estate-appreciation/","",0,REBUILD
"https://www.stairwaymortgage.com/real-estate-due-diligence-checklist/",404,"https://www.stairwaymortgage.com/real-estate-due-diligence-checklist/","/blog/real-estate-due-diligence-checklist/",0.8,301
"https://www.stairwaymortgage.com/real-estate-investing-for-beginners/",404,"https://www.stairwaymortgage.com/real-estate-investing-for-beginners/","/blog/real-estate-investing-for-beginners/",0.8,301
"https://www.stairwaymortgage.com/real-estate-investment-strategies/",404,"https://www.stairwaymortgage.com/real-estate-investment-strategies/","/blog/real-estate-investment-strategies/",0.8,301
"https://www.stairwaymortgage.com/real-estate-syndication-attorney/",404,"https://www.stairwaymortgage.com/real-estate-syndication-attorney/","/blog/real-estate-syndication-attorney/",0.8,301
"https://www.stairwaymortgage.com/real-estate-syndication/",404,"https://www.stairwaymortgage.com/real-estate-syndication/","/blog/real-estate-syndication/",0.8,301
"https://www.stairwaymortgage.com/real-estate-tax-strategies/",404,"https://www.stairwaymortgage.com/real-estate-tax-strategies/","/blog/real-estate-tax-strategies/",0.8,301
"https://www.stairwaymortgage.com/real-estate-team/",404,"https://www.stairwaymortgage.com/real-estate-team/","/blog/real-estate-team/",0.8,301
"https://www.stairwaymortgage.com/real-estate-terminology/",404,"https://www.stairwaymortgage.com/real-estate-terminology/","/blog/real-estate-terminology/",0.8,301
"https://www.stairwaymortgage.com/real-estate-vision-board/",404,"https://www.stairwaymortgage.com/real-estate-vision-board/","",0,REBUILD
"https://www.stairwaymortgage.com/realtors-wholesalers/",200,"https://www.stairwaymortgage.com/realtors-wholesalers/","",0,OK
"https://www.stairwaymortgage.com/refi-today-build-wealth-for-tomorrow/",404,"https://www.stairwaymortgage.com/refi-today-build-wealth-for-tomorrow/","",0,REBUILD
"https://www.stairwaymortgage.com/refinance-or-heloc-inquiry/",200,"https://www.stairwaymortgage.com/refinance-or-heloc-inquiry/","",0,OK
"https://www.stairwaymortgage.com/refinance-or-heloc-journey/",200,"https://www.stairwaymortgage.com/refinance-or-heloc-journey/","",0,OK
"https://www.stairwaymortgage.com/refinance-savings/",404,"https://www.stairwaymortgage.com/refinance-savings/","",0,REBUILD
"https://www.stairwaymortgage.com/reits-that-pay-a-monthly-dividend/",404,"https://www.stairwaymortgage.com/reits-that-pay-a-monthly-dividend/","/blog/reits-that-pay-a-monthly-dividend/",0.8,301
"https://www.stairwaymortgage.com/renovate-a-house-journey/",200,"https://www.stairwaymortgage.com/renovate-a-house-journey/","",0,OK
"https://www.stairwaymortgage.com/renovate-a-house/",404,"https://www.stairwaymortgage.com/renovate-a-house/","",0,REBUILD
"https://www.stairwaymortgage.com/rent-a-home-journey/",404,"https://www.stairwaymortgage.com/rent-a-home-journey/","",0,REBUILD
"https://www.stairwaymortgage.com/rent-out-my-house/",404,"https://www.stairwaymortgage.com/rent-out-my-house/","/blog/rent-out-my-house/",0.8,301
"https://www.stairwaymortgage.com/rent-vs-buy-calculator/",404,"https://www.stairwaymortgage.com/rent-vs-buy-calculator/","/blog/rent-vs-buy-calculator/",0.8,301
"https://www.stairwaymortgage.com/resident-physician-mortgage/",200,"https://www.stairwaymortgage.com/medical-professionals/","",0,OK
"https://www.stairwaymortgage.com/retirement-income-planning/",404,"https://www.stairwaymortgage.com/retirement-income-planning/","/blog/retirement-income-planning/",0.8,301
"https://www.stairwaymortgage.com/reverse-mortgage-college-planning/",404,"https://www.stairwaymortgage.com/reverse-mortgage-college-planning/","",0,REBUILD
"https://www.stairwaymortgage.com/reverse-mortgage-death/",404,"https://www.stairwaymortgage.com/reverse-mortgage-death/","/blog/reverse-mortgage-death/",0.8,301
"https://www.stairwaymortgage.com/reverse-mortgage-inquiry/",200,"https://www.stairwaymortgage.com/reverse-mortgage-inquiry/","",0,OK
"https://www.stairwaymortgage.com/reverse-mortgage-journey/",200,"https://www.stairwaymortgage.com/reverse-mortgage-journey/","",0,OK
"https://www.stairwaymortgage.com/reverse-mortgage-pitfalls/",404,"https://www.stairwaymortgage.com/reverse-mortgage-pitfalls/","/blog/reverse-mortgage-pitfalls/",0.8,301
"https://www.stairwaymortgage.com/reverse-mortgage-pros-and-cons/",404,"https://www.stairwaymortgage.com/reverse-mortgage-pros-and-cons/","/blog/reverse-mortgage-pros-and-cons/",0.8,301
"https://www.stairwaymortgage.com/reverse-mortgage-pros-cons/",404,"https://www.stairwaymortgage.com/reverse-mortgage-pros-cons/","/blog/reverse-mortgage-pros-cons/",0.8,301
"https://www.stairwaymortgage.com/reverse-mortgage-purchase/",404,"https://www.stairwaymortgage.com/reverse-mortgage-purchase/","",0,REBUILD
"https://www.stairwaymortgage.com/reverse-mortgage-qualification-requirements/",404,"https://www.stairwaymortgage.com/reverse-mortgage-qualification-requirements/","/blog/reverse-mortgage-qualification-requirements/",0.8,301
"https://www.stairwaymortgage.com/reverse-mortgage-vs-heloc/",404,"https://www.stairwaymortgage.com/reverse-mortgage-vs-heloc/","/blog/reverse-mortgage-vs-heloc/",0.8,301
"https://www.stairwaymortgage.com/reverse-mortgages-charitable-giving-a-new-way-to-leave-a-legacy/",404,"https://www.stairwaymortgage.com/reverse-mortgages-charitable-giving-a-new-way-to-leave-a-legacy/","",0,REBUILD
"https://www.stairwaymortgage.com/reverse-mortgages-for-real-estate-agents-protect-listings-serve-better/",404,"https://www.stairwaymortgage.com/reverse-mortgages-for-real-estate-agents-protect-listings-serve-better/","",0,REBUILD
"https://www.stairwaymortgage.com/reverse-mortgages-in-financial-planning-what-every-advisor-must-know/",404,"https://www.stairwaymortgage.com/reverse-mortgages-in-financial-planning-what-every-advisor-must-know/","",0,REBUILD
"https://www.stairwaymortgage.com/reverse-mortgages-in-financial-planning-what-every-advisor-should-know/",404,"https://www.stairwaymortgage.com/reverse-mortgages-in-financial-planning-what-every-advisor-should-know/","",0,REBUILD
"https://www.stairwaymortgage.com/reverse-mortgages-retirement-stretching-income-without-selling/",404,"https://www.stairwaymortgage.com/reverse-mortgages-retirement-stretching-income-without-selling/","",0,REBUILD
"https://www.stairwaymortgage.com/same-day-approval/",200,"https://www.stairwaymortgage.com/same-day-approval/","",0,OK
"https://www.stairwaymortgage.com/scaling-with-brrrr-strategy/",404,"https://www.stairwaymortgage.com/scaling-with-brrrr-strategy/","/blog/scaling-with-brrrr-strategy/",0.8,301
"https://www.stairwaymortgage.com/schedule-call/",200,"https://www.stairwaymortgage.com/schedule-call/","",0,OK
"https://www.stairwaymortgage.com/secure-upload/",200,"https://www.stairwaymortgage.com/","",0,OK
"https://www.stairwaymortgage.com/self-directed-ira-real-estate/",404,"https://www.stairwaymortgage.com/self-directed-ira-real-estate/","/blog/self-directed-ira-real-estate/",0.8,301
"https://www.stairwaymortgage.com/self-employed-mortgage/",404,"https://www.stairwaymortgage.com/self-employed-mortgage/","/blog/self-employed-mortgage/",0.8,301
"https://www.stairwaymortgage.com/sell-a-house-journey/",200,"https://www.stairwaymortgage.com/sell-a-house-journey/","",0,OK
"https://www.stairwaymortgage.com/sell-a-house/",404,"https://www.stairwaymortgage.com/sell-a-house/","",0,REBUILD
"https://www.stairwaymortgage.com/sell-a-house2/",404,"https://www.stairwaymortgage.com/sell-a-house2/","",0,REBUILD
"https://www.stairwaymortgage.com/seller-quiz/",200,"https://www.stairwaymortgage.com/discovery-quiz/","",0,OK
"https://www.stairwaymortgage.com/selling-a-house/",404,"https://www.stairwaymortgage.com/selling-a-house/","/blog/selling-a-house/",0.8,301
"https://www.stairwaymortgage.com/selling-home/",404,"https://www.stairwaymortgage.com/selling-home/","/blog/selling-home/",0.8,301
"https://www.stairwaymortgage.com/senior-homeowner-email-verification/",200,"https://www.stairwaymortgage.com/","",0,OK
"https://www.stairwaymortgage.com/senior-homeowner-quiz/",200,"https://www.stairwaymortgage.com/discovery-quiz/","",0,OK
"https://www.stairwaymortgage.com/senior-homeowners-55-journey/",200,"https://www.stairwaymortgage.com/senior-homeowners-55-journey/","",0,OK
"https://www.stairwaymortgage.com/senior-property-tax-exemption/",404,"https://www.stairwaymortgage.com/senior-property-tax-exemption/","/blog/senior-property-tax-exemption/",0.8,301
"https://www.stairwaymortgage.com/sfr-vs-multifamily-matchmaker-quiz/",404,"https://www.stairwaymortgage.com/sfr-vs-multifamily-matchmaker-quiz/","",0,REBUILD
"https://www.stairwaymortgage.com/side-hustles-to-make-money/",404,"https://www.stairwaymortgage.com/side-hustles-to-make-money/","/blog/side-hustles-to-make-money/",0.8,301
"https://www.stairwaymortgage.com/smart-college-planning-journey/",404,"https://www.stairwaymortgage.com/smart-college-planning-journey/","",0,REBUILD
"https://www.stairwaymortgage.com/smart-steward-email-verification/",200,"https://www.stairwaymortgage.com/","",0,OK
"https://www.stairwaymortgage.com/smart-steward-quiz/",200,"https://www.stairwaymortgage.com/discovery-quiz/","",0,OK
"https://www.stairwaymortgage.com/smart-stewards-journey/",200,"https://www.stairwaymortgage.com/the-8-steps/smart-stewards/","",0,OK
"https://www.stairwaymortgage.com/smart-student-quiz/",404,"https://www.stairwaymortgage.com/smart-student-quiz/","",0,REBUILD
"https://www.stairwaymortgage.com/special-financing/",404,"https://www.stairwaymortgage.com/special-financing/","/blog/special-financing/",0.8,301
"https://www.stairwaymortgage.com/spin-to-win/",200,"https://www.stairwaymortgage.com/spin-the-wheel/","",0,OK
"https://www.stairwaymortgage.com/stairway-process/",404,"https://www.stairwaymortgage.com/stairway-process/","",0,REBUILD
"https://www.stairwaymortgage.com/state-licensing/",200,"https://www.stairwaymortgage.com/state-licensing/","",0,OK
"https://www.stairwaymortgage.com/states-without-estate-taxes/",404,"https://www.stairwaymortgage.com/states-without-estate-taxes/","/blog/states-without-estate-taxes/",0.8,301
"https://www.stairwaymortgage.com/step-up-in-basis-explainer/",404,"https://www.stairwaymortgage.com/step-up-in-basis-explainer/","",0,REBUILD
"https://www.stairwaymortgage.com/strategic-financier-quiz/",200,"https://www.stairwaymortgage.com/discovery-quiz/","",0,OK
"https://www.stairwaymortgage.com/syndication-of-real-estate/",404,"https://www.stairwaymortgage.com/syndication-of-real-estate/","/blog/syndication-of-real-estate/",0.8,301
"https://www.stairwaymortgage.com/tax-benefits-of-rental-property/",404,"https://www.stairwaymortgage.com/tax-benefits-of-rental-property/","/blog/tax-benefits-of-rental-property/",0.8,301
"https://www.stairwaymortgage.com/tax-break-for-buying-a-house/",404,"https://www.stairwaymortgage.com/tax-break-for-buying-a-house/","/blog/tax-break-for-buying-a-house/",0.8,301
"https://www.stairwaymortgage.com/term-life-mortgage-protection-planner/",404,"https://www.stairwaymortgage.com/term-life-mortgage-protection-planner/","",0,REBUILD
"https://www.stairwaymortgage.com/terms/",200,"https://www.stairwaymortgage.com/terms/","",0,OK
"https://www.stairwaymortgage.com/texas-disclosure/",200,"https://www.stairwaymortgage.com/texas-disclosure/","",0,OK
"https://www.stairwaymortgage.com/thank-you-for-playing/",200,"https://www.stairwaymortgage.com/","",0,OK
"https://www.stairwaymortgage.com/thank-you-for-scheduling/",200,"https://www.stairwaymortgage.com/","",0,OK
"https://www.stairwaymortgage.com/the-5-biggest-mistakes-seniors-make-with-reverse-mortgages/",404,"https://www.stairwaymortgage.com/the-5-biggest-mistakes-seniors-make-with-reverse-mortgages/","",0,REBUILD
"https://www.stairwaymortgage.com/the-art-of-the-follow-up-email-verification/",200,"https://www.stairwaymortgage.com/","",0,OK
"https://www.stairwaymortgage.com/the-great-wealth-transfer/",404,"https://www.stairwaymortgage.com/the-great-wealth-transfer/","/blog/the-great-wealth-transfer/",0.8,301
"https://www.stairwaymortgage.com/things-you-need-for-a-new-home-first-time-buyer-essentials/",404,"https://www.stairwaymortgage.com/things-you-need-for-a-new-home-first-time-buyer-essentials/","",0,REBUILD
"https://www.stairwaymortgage.com/things-you-need-for-a-new-home/",404,"https://www.stairwaymortgage.com/things-you-need-for-a-new-home/","/blog/things-you-need-for-a-new-home/",0.8,301
"https://www.stairwaymortgage.com/top-5-reasons-mortgage-broker-vs-bank/",404,"https://www.stairwaymortgage.com/top-5-reasons-mortgage-broker-vs-bank/","",0,REBUILD
"https://www.stairwaymortgage.com/true-cost-of-homeownership/",404,"https://www.stairwaymortgage.com/true-cost-of-homeownership/","/blog/true-cost-of-homeownership/",0.8,301
"https://www.stairwaymortgage.com/types-of-home-mortgage-loans/",404,"https://www.stairwaymortgage.com/types-of-home-mortgage-loans/","/blog/types-of-home-mortgage-loans/",0.8,301
"https://www.stairwaymortgage.com/types-of-investment-properties/",404,"https://www.stairwaymortgage.com/types-of-investment-properties/","/blog/types-of-investment-properties/",0.8,301
"https://www.stairwaymortgage.com/types-of-loans-for-flipping-houses/",404,"https://www.stairwaymortgage.com/types-of-loans-for-flipping-houses/","/blog/types-of-loans-for-flipping-houses/",0.8,301
"https://www.stairwaymortgage.com/veterinarian-mortgage/",200,"https://www.stairwaymortgage.com/medical-professionals/veterinarian/","",0,OK
"https://www.stairwaymortgage.com/vision-board-examples/",404,"https://www.stairwaymortgage.com/vision-board-examples/","/blog/vision-board-examples/",0.8,301
"https://www.stairwaymortgage.com/welcome-can-we-help-you-refinance-smarter-copy-2/",404,"https://www.stairwaymortgage.com/welcome-can-we-help-you-refinance-smarter-copy-2/","",0,REBUILD
"https://www.stairwaymortgage.com/welcome-can-we-help-you-refinance-smarter-copy/",404,"https://www.stairwaymortgage.com/welcome-can-we-help-you-refinance-smarter-copy/","",0,REBUILD
"https://www.stairwaymortgage.com/what-are-closing-costs-when-buying-a-home/",404,"https://www.stairwaymortgage.com/what-are-closing-costs-when-buying-a-home/","",0,REBUILD
"https://www.stairwaymortgage.com/what-are-contingencies-in-a-real-estate-contract/",404,"https://www.stairwaymortgage.com/what-are-contingencies-in-a-real-estate-contract/","",0,REBUILD
"https://www.stairwaymortgage.com/what-are-property-taxes-and-how-are-they-calculated/",404,"https://www.stairwaymortgage.com/what-are-property-taxes-and-how-are-they-calculated/","",0,REBUILD
"https://www.stairwaymortgage.com/what-are-the-different-types-of-homes-you-can-buy/",404,"https://www.stairwaymortgage.com/what-are-the-different-types-of-homes-you-can-buy/","",0,REBUILD
"https://www.stairwaymortgage.com/what-docs-do-i-need-to-refinance/",404,"https://www.stairwaymortgage.com/what-docs-do-i-need-to-refinance/","",0,REBUILD
"https://www.stairwaymortgage.com/what-documents-do-i-need-for-a-mortgage/",404,"https://www.stairwaymortgage.com/what-documents-do-i-need-for-a-mortgage/","",0,REBUILD
"https://www.stairwaymortgage.com/what-happens-after-my-offer-is-accepted/",404,"https://www.stairwaymortgage.com/what-happens-after-my-offer-is-accepted/","",0,REBUILD
"https://www.stairwaymortgage.com/what-happens-to-a-reverse-mortgage-when-you-pass-away/",404,"https://www.stairwaymortgage.com/what-happens-to-a-reverse-mortgage-when-you-pass-away/","",0,REBUILD
"https://www.stairwaymortgage.com/what-is-a-backup-offer/",404,"https://www.stairwaymortgage.com/what-is-a-backup-offer/","",0,REBUILD
"https://www.stairwaymortgage.com/what-is-a-balloon-mortgage-and-how-does-it-work/",404,"https://www.stairwaymortgage.com/what-is-a-balloon-mortgage-and-how-does-it-work/","",0,REBUILD
"https://www.stairwaymortgage.com/what-is-a-bridge-loan-and-when-might-i-need-one/",404,"https://www.stairwaymortgage.com/what-is-a-bridge-loan-and-when-might-i-need-one/","",0,REBUILD
"https://www.stairwaymortgage.com/what-is-a-closing-disclosure-and-why-is-it-important/",404,"https://www.stairwaymortgage.com/what-is-a-closing-disclosure-and-why-is-it-important/","",0,REBUILD
"https://www.stairwaymortgage.com/what-is-a-co-signer-and-when-might-i-need-one/",404,"https://www.stairwaymortgage.com/what-is-a-co-signer-and-when-might-i-need-one/","",0,REBUILD
"https://www.stairwaymortgage.com/what-is-a-contingency-offer-and-how-does-it-work/",404,"https://www.stairwaymortgage.com/what-is-a-contingency-offer-and-how-does-it-work/","",0,REBUILD
"https://www.stairwaymortgage.com/what-is-a-deed-and-why-is-it-important/",404,"https://www.stairwaymortgage.com/what-is-a-deed-and-why-is-it-important/","",0,REBUILD
"https://www.stairwaymortgage.com/what-is-a-deed-in-lieu-of-foreclosure/",404,"https://www.stairwaymortgage.com/what-is-a-deed-in-lieu-of-foreclosure/","",0,REBUILD
"https://www.stairwaymortgage.com/what-is-a-final-walk-through-and-why-is-it-important/",404,"https://www.stairwaymortgage.com/what-is-a-final-walk-through-and-why-is-it-important/","",0,REBUILD
"https://www.stairwaymortgage.com/what-is-a-heloc-and-how-is-it-different-from-a-home-equity-loan/",404,"https://www.stairwaymortgage.com/what-is-a-heloc-and-how-is-it-different-from-a-home-equity-loan/","",0,REBUILD
"https://www.stairwaymortgage.com/what-is-a-home-appraisal-and-why-do-i-need-one/",404,"https://www.stairwaymortgage.com/what-is-a-home-appraisal-and-why-do-i-need-one/","",0,REBUILD
"https://www.stairwaymortgage.com/what-is-a-home-equity-loan-and-how-does-it-work/",404,"https://www.stairwaymortgage.com/what-is-a-home-equity-loan-and-how-does-it-work/","",0,REBUILD
"https://www.stairwaymortgage.com/what-is-a-home-inspection-and-why-does-it-matter/",404,"https://www.stairwaymortgage.com/what-is-a-home-inspection-and-why-does-it-matter/","",0,REBUILD
"https://www.stairwaymortgage.com/what-is-a-home-warranty-and-do-i-really-need-one/",404,"https://www.stairwaymortgage.com/what-is-a-home-warranty-and-do-i-really-need-one/","",0,REBUILD
"https://www.stairwaymortgage.com/what-is-a-home-warranty-and-should-i-get-one/",404,"https://www.stairwaymortgage.com/what-is-a-home-warranty-and-should-i-get-one/","",0,REBUILD
"https://www.stairwaymortgage.com/what-is-a-jumbo-loan-and-do-i-need-one/",404,"https://www.stairwaymortgage.com/what-is-a-jumbo-loan-and-do-i-need-one/","",0,REBUILD
"https://www.stairwaymortgage.com/what-is-a-mortgage-rate-lock-and-why-does-it-matter/",404,"https://www.stairwaymortgage.com/what-is-a-mortgage-rate-lock-and-why-does-it-matter/","",0,REBUILD
"https://www.stairwaymortgage.com/what-is-a-reverse-mortgage-and-is-it-right-for-you-copy/",404,"https://www.stairwaymortgage.com/what-is-a-reverse-mortgage-and-is-it-right-for-you-copy/","",0,REBUILD
"https://www.stairwaymortgage.com/what-is-a-reverse-mortgage-and-is-it-right-for-you/",404,"https://www.stairwaymortgage.com/what-is-a-reverse-mortgage-and-is-it-right-for-you/","",0,REBUILD
"https://www.stairwaymortgage.com/what-is-a-short-sale-and-how-does-it-differ-from-a-foreclosure/",404,"https://www.stairwaymortgage.com/what-is-a-short-sale-and-how-does-it-differ-from-a-foreclosure/","",0,REBUILD
"https://www.stairwaymortgage.com/what-is-a-title-commitment-and-why-do-i-need-one/",404,"https://www.stairwaymortgage.com/what-is-a-title-commitment-and-why-do-i-need-one/","",0,REBUILD
"https://www.stairwaymortgage.com/what-is-a-title-search-and-why-is-it-important/",404,"https://www.stairwaymortgage.com/what-is-a-title-search-and-why-is-it-important/","",0,REBUILD
"https://www.stairwaymortgage.com/what-is-a-va-loan-and-who-qualifies-for-it/",404,"https://www.stairwaymortgage.com/what-is-a-va-loan-and-who-qualifies-for-it/","",0,REBUILD
"https://www.stairwaymortgage.com/what-is-an-adjustable-rate-mortgage-arm-and-how-does-it-work/",404,"https://www.stairwaymortgage.com/what-is-an-adjustable-rate-mortgage-arm-and-how-does-it-work/","",0,REBUILD
"https://www.stairwaymortgage.com/what-is-an-amortization-schedule-and-how-do-i-read-it/",404,"https://www.stairwaymortgage.com/what-is-an-amortization-schedule-and-how-do-i-read-it/","",0,REBUILD
"https://www.stairwaymortgage.com/what-is-an-assumable-mortgage/",404,"https://www.stairwaymortgage.com/what-is-an-assumable-mortgage/","",0,REBUILD
"https://www.stairwaymortgage.com/what-is-an-easement-and-how-does-it-affect-property-ownership/",404,"https://www.stairwaymortgage.com/what-is-an-easement-and-how-does-it-affect-property-ownership/","",0,REBUILD
"https://www.stairwaymortgage.com/what-is-an-escrow-account-in-a-mortgage/",404,"https://www.stairwaymortgage.com/what-is-an-escrow-account-in-a-mortgage/","",0,REBUILD
"https://www.stairwaymortgage.com/what-is-an-hoa-and-what-should-first-time-buyers-know/",404,"https://www.stairwaymortgage.com/what-is-an-hoa-and-what-should-first-time-buyers-know/","",0,REBUILD
"https://www.stairwaymortgage.com/what-is-an-hoa-special-assessment/",404,"https://www.stairwaymortgage.com/what-is-an-hoa-special-assessment/","",0,REBUILD
"https://www.stairwaymortgage.com/what-is-debt-to-income-ratio-and-why-does-it-matter/",404,"https://www.stairwaymortgage.com/what-is-debt-to-income-ratio-and-why-does-it-matter/","",0,REBUILD
"https://www.stairwaymortgage.com/what-is-dual-agency-and-should-i-avoid-it/",404,"https://www.stairwaymortgage.com/what-is-dual-agency-and-should-i-avoid-it/","",0,REBUILD
"https://www.stairwaymortgage.com/what-is-earnest-money-and-how-does-it-work/",404,"https://www.stairwaymortgage.com/what-is-earnest-money-and-how-does-it-work/","",0,REBUILD
"https://www.stairwaymortgage.com/what-is-earnest-money-in-real-estate/",404,"https://www.stairwaymortgage.com/what-is-earnest-money-in-real-estate/","",0,REBUILD
"https://www.stairwaymortgage.com/what-is-foreclosure-and-what-should-i-know-about-it/",404,"https://www.stairwaymortgage.com/what-is-foreclosure-and-what-should-i-know-about-it/","",0,REBUILD
"https://www.stairwaymortgage.com/what-is-homeowners-insurance-and-do-i-really-need-it/",404,"https://www.stairwaymortgage.com/what-is-homeowners-insurance-and-do-i-really-need-it/","",0,REBUILD
"https://www.stairwaymortgage.com/what-is-house-hacking-and-how-can-it-benefit-me/",404,"https://www.stairwaymortgage.com/what-is-house-hacking-and-how-can-it-benefit-me/","",0,REBUILD
"https://www.stairwaymortgage.com/what-is-my-home-worth/",404,"https://www.stairwaymortgage.com/what-is-my-home-worth/","/blog/what-is-my-home-worth/",0.8,301
"https://www.stairwaymortgage.com/what-is-pmi-and-do-i-need-it/",404,"https://www.stairwaymortgage.com/what-is-pmi-and-do-i-need-it/","",0,REBUILD
"https://www.stairwaymortgage.com/what-is-pmi/",404,"https://www.stairwaymortgage.com/what-is-pmi/","",0,REBUILD
"https://www.stairwaymortgage.com/what-is-private-mortgage-insurance-pmi-and-how-can-i-avoid-it/",404,"https://www.stairwaymortgage.com/what-is-private-mortgage-insurance-pmi-and-how-can-i-avoid-it/","",0,REBUILD
"https://www.stairwaymortgage.com/what-is-the-difference-between-a-deed-and-a-title/",404,"https://www.stairwaymortgage.com/what-is-the-difference-between-a-deed-and-a-title/","",0,REBUILD
"https://www.stairwaymortgage.com/what-is-the-difference-between-a-mortgage-broker-and-a-mortgage-lender/",404,"https://www.stairwaymortgage.com/what-is-the-difference-between-a-mortgage-broker-and-a-mortgage-lender/","",0,REBUILD
"https://www.stairwaymortgage.com/what-is-the-difference-between-a-pre-qualification-and-a-pre-approval/",404,"https://www.stairwaymortgage.com/what-is-the-difference-between-a-pre-qualification-and-a-pre-approval/","",0,REBUILD
"https://www.stairwaymortgage.com/what-is-the-difference-between-an-fha-loan-and-a-conventional-loan/",404,"https://www.stairwaymortgage.com/what-is-the-difference-between-an-fha-loan-and-a-conventional-loan/","",0,REBUILD
"https://www.stairwaymortgage.com/what-is-title-insurance-and-why-is-it-important/",404,"https://www.stairwaymortgage.com/what-is-title-insurance-and-why-is-it-important/","",0,REBUILD
"https://www.stairwaymortgage.com/what-should-i-do-if-the-appraisal-comes-in-low/",404,"https://www.stairwaymortgage.com/what-should-i-do-if-the-appraisal-comes-in-low/","",0,REBUILD
"https://www.stairwaymortgage.com/what-should-i-know-about-buying-a-fixer-upper/",404,"https://www.stairwaymortgage.com/what-should-i-know-about-buying-a-fixer-upper/","",0,REBUILD
"https://www.stairwaymortgage.com/what-should-i-know-about-buying-a-home-in-a-flood-zone/",404,"https://www.stairwaymortgage.com/what-should-i-know-about-buying-a-home-in-a-flood-zone/","",0,REBUILD
"https://www.stairwaymortgage.com/what-should-i-know-about-buying-a-home-in-a-historic-district/",404,"https://www.stairwaymortgage.com/what-should-i-know-about-buying-a-home-in-a-historic-district/","",0,REBUILD
"https://www.stairwaymortgage.com/what-should-i-know-about-buying-a-home-with-a-well-and-septic-system/",404,"https://www.stairwaymortgage.com/what-should-i-know-about-buying-a-home-with-a-well-and-septic-system/","",0,REBUILD
"https://www.stairwaymortgage.com/what-should-i-know-about-buying-a-second-home/",404,"https://www.stairwaymortgage.com/what-should-i-know-about-buying-a-second-home/","",0,REBUILD
"https://www.stairwaymortgage.com/what-should-i-know-about-making-an-all-cash-offer/",404,"https://www.stairwaymortgage.com/what-should-i-know-about-making-an-all-cash-offer/","",0,REBUILD
"https://www.stairwaymortgage.com/what-should-i-know-about-making-an-offer-on-a-foreclosure/",404,"https://www.stairwaymortgage.com/what-should-i-know-about-making-an-offer-on-a-foreclosure/","",0,REBUILD
"https://www.stairwaymortgage.com/what-should-i-know-about-moving-into-a-new-home/",404,"https://www.stairwaymortgage.com/what-should-i-know-about-moving-into-a-new-home/","",0,REBUILD
"https://www.stairwaymortgage.com/what-should-i-know-about-property-disclosures/",404,"https://www.stairwaymortgage.com/what-should-i-know-about-property-disclosures/","",0,REBUILD
"https://www.stairwaymortgage.com/what-should-i-know-about-property-liens/",404,"https://www.stairwaymortgage.com/what-should-i-know-about-property-liens/","",0,REBUILD
"https://www.stairwaymortgage.com/what-should-i-know-about-refinancing-my-home/",404,"https://www.stairwaymortgage.com/what-should-i-know-about-refinancing-my-home/","",0,REBUILD
"https://www.stairwaymortgage.com/what-should-i-look-for-when-touring-a-home/",404,"https://www.stairwaymortgage.com/what-should-i-look-for-when-touring-a-home/","",0,REBUILD
"https://www.stairwaymortgage.com/whats-the-difference-between-a-buyers-agent-and-a-sellers-agent/",404,"https://www.stairwaymortgage.com/whats-the-difference-between-a-buyers-agent-and-a-sellers-agent/","",0,REBUILD
"https://www.stairwaymortgage.com/whats-the-difference-between-a-condo-and-a-co-op/",404,"https://www.stairwaymortgage.com/whats-the-difference-between-a-condo-and-a-co-op/","",0,REBUILD
"https://www.stairwaymortgage.com/whats-the-difference-between-a-fixed-rate-and-adjustable-rate-mortgage/",404,"https://www.stairwaymortgage.com/whats-the-difference-between-a-fixed-rate-and-adjustable-rate-mortgage/","",0,REBUILD
"https://www.stairwaymortgage.com/whats-the-difference-between-a-home-inspection-and-a-home-appraisal/",404,"https://www.stairwaymortgage.com/whats-the-difference-between-a-home-inspection-and-a-home-appraisal/","",0,REBUILD
"https://www.stairwaymortgage.com/whats-the-difference-between-a-real-estate-agent-and-a-broker/",404,"https://www.stairwaymortgage.com/whats-the-difference-between-a-real-estate-agent-and-a-broker/","",0,REBUILD
"https://www.stairwaymortgage.com/whats-the-difference-between-a-sellers-market-and-a-buyers-market/",404,"https://www.stairwaymortgage.com/whats-the-difference-between-a-sellers-market-and-a-buyers-market/","",0,REBUILD
"https://www.stairwaymortgage.com/whats-the-difference-between-market-value-and-assessed-value/",404,"https://www.stairwaymortgage.com/whats-the-difference-between-market-value-and-assessed-value/","",0,REBUILD
"https://www.stairwaymortgage.com/whats-the-first-step-in-buying-a-home/",404,"https://www.stairwaymortgage.com/whats-the-first-step-in-buying-a-home/","",0,REBUILD
"https://www.stairwaymortgage.com/when-to-refinance-mortgage/",404,"https://www.stairwaymortgage.com/when-to-refinance-mortgage/","/blog/when-to-refinance-mortgage/",0.8,301
"https://www.stairwaymortgage.com/who-qualifies-for-a-reverse-mortgage-and-who-doesnt/",404,"https://www.stairwaymortgage.com/who-qualifies-for-a-reverse-mortgage-and-who-doesnt/","",0,REBUILD
"https://www.stairwaymortgage.com/why-mortgage-brokers-beat-banks-on-rate-shopping/",404,"https://www.stairwaymortgage.com/why-mortgage-brokers-beat-banks-on-rate-shopping/","",0,REBUILD
"https://www.stairwaymortgage.com/why-most-homeowners-miss-out-on-big-savings/",404,"https://www.stairwaymortgage.com/why-most-homeowners-miss-out-on-big-savings/","",0,REBUILD
"https://www.stairwaymortgage.com/will-i-still-own-my-home-with-a-reverse-mortgage/",404,"https://www.stairwaymortgage.com/will-i-still-own-my-home-with-a-reverse-mortgage/","",0,REBUILD
"https://www.stairwaymortgage.com/your-refinance-team-what-each-expert-does/",404,"https://www.stairwaymortgage.com/your-refinance-team-what-each-expert-does/","",0,REBUILD
